,Names,Country,Year,Links
0,Produzindo Certo – Grupo Castrolanda II,Brazil ,2022,https://responsiblesoy.org/wp-content/uploads/2022/12/Castrolanda-II-Relatorio-de-Resumo-Publico-2022-1.pdf
1,Produzindo Certo–Grupo Castrolanda,Brazil ,2022,https://responsiblesoy.org/wp-content/uploads/2022/12/Castrolanda-Relatorio-Resumo-Publico-RTRS-2022-2.pdf
2,Cusillos S.R.L,Argentina ,2022,https://responsiblesoy.org/wp-content/uploads/2022/12/2022-Public-summary-Cusillos-3-surveillance-1.pdf
3,Cosufi S.A.,Argentina ,2022,https://responsiblesoy.org/wp-content/uploads/2022/12/2022-Cosufi-Public-Summary-2o-surveillance.pdf
4,Girassol Agrícola Ltda,Brazil ,2022,https://responsiblesoy.org/wp-content/uploads/2022/12/2022-Resumo-Publico-Girassol-Agricola.pdf
5,Fazenda Modelo (Eswalter Zanetti e Outros),Brazil ,2022,https://responsiblesoy.org/wp-content/uploads/2022/12/2022-875207-Public-Summary-2-surveillance-Fazenda-modelo.pdf
6,Cia. Agroindustrial La Oriental S.A.,Argentina ,2022,https://responsiblesoy.org/wp-content/uploads/2022/12/LA-ORIENTAL-Informe_Publico_de_Certificacion-3o-SVS-2022.2APROBADO1.pdf
7,S y D Lafuente S.A - Maiz,Argentina ,2022,https://responsiblesoy.org/wp-content/uploads/2022/12/SyDLafuente-SA-SV2022-Informe_Publico_de_Certificacion_RTRS.traducido-APROBADO.MAIZnb2.pdf
8,Haritprakash Biocare LLP,India ,2022,https://responsiblesoy.org/wp-content/uploads/2022/12/2022-Haritprakash-Public-Summary-1-surveillance-2.pdf
9,Agropecuaria Dechamps S.R.L.,Argentina ,2022,https://responsiblesoy.org/wp-content/uploads/2022/12/2022-Dechamps-Public-summary-4-surveillance-2.pdf
10,Provinvest S.A,Argentina ,2022,https://responsiblesoy.org/wp-content/uploads/2022/12/PROVINVEST-Informe-publico-RTRS-3A-svs-2022.nbGM-FT-GM-23.11.2022.FTAPROBADO-1.pdf
11,S y D Lafuente S.A,Argentina ,2022,https://responsiblesoy.org/wp-content/uploads/2022/12/SyDLafuente-SA-SV2022-Informe_Publico_de_Certificacion_RTRS.traducido-APROBADO.nb2-1.pdf
12,Agropastoril Jotabasso Ltda-Fazenda Verde,Brazil ,2022,https://responsiblesoy.org/wp-content/uploads/2022/12/2022-875353-Public-Summary-2-surveillance-1.pdf
13,Amaggi Exp Imp Ltda–Grupo III,Brazil ,2022,https://responsiblesoy.org/wp-content/uploads/2022/12/Relatorio-de-Resumo-Publico-Programa-de-Certificacao-RTRS-Prod-Amaggi-Parecis-III-2022-RF-CD-2.pdf
14,San Jose del Oeste S.A.,Argentina ,2022,https://responsiblesoy.org/wp-content/uploads/2022/12/2022-849225-Public-Summary-Recertification-2.pdf
15,Aliança da Terra Grupo IV,Brazil ,2022,https://responsiblesoy.org/wp-content/uploads/2022/12/FORM-IT-004-05R04-Relatorio-de-Resumo-Publico-Programa-de-Certificacao-RTRS-Alianca-da-Terra-IV-2022.pdf
16,Grupo Hervalense,Brazil ,2022,https://responsiblesoy.org/wp-content/uploads/2022/12/2022-Resumo-Publico-Grupo-Hervalense-1.pdf
17,Grupo de Produtores CJ Selecta,Brazil ,2022,https://responsiblesoy.org/wp-content/uploads/2022/11/Relatorio-de-Resumo-Publico-Programa-de-Certificacao-RTRS_CJ-Selecta-RF-CD-1.pdf
18,Ish Agritech Private Limited,India ,2022,https://responsiblesoy.org/wp-content/uploads/2022/11/2022-Public-Summary-Ish-Agritech-1.pdf
19,Wellington Pereira Lima - Gebana Goias,Brazil ,2022,https://responsiblesoy.org/wp-content/uploads/2022/11/2022-Resumo-Publico-Wellington-Gebana-Goias-1.pdf
20,Hijas de Juan A Harriet SA - Maiz,Argentina ,2022,https://responsiblesoy.org/wp-content/uploads/2022/11/Hijas-de-Juan-A.-Harriet.-Informe_Publico_de_Certificacion_MAIZ-RTRS-APROBADO.nb1_.pdf
21,Hijas de Juan A Harriet SA,Argentina ,2022,https://responsiblesoy.org/wp-content/uploads/2022/11/Hijas-de-Juan-A.-Harriet.-Informe_Publico_de_Certificacion_RTRS-APROBADO.v1-2.pdf
22,Saag Comercial Exportadora Ltda - No-GMO,Brazil ,2022,https://responsiblesoy.org/wp-content/uploads/2022/11/2022-SAAG-PRJ-827897-Public-summary-4-monitoramento.pdf
23,Saag Comercial Exportadora Ltda,Brazil ,2022,https://responsiblesoy.org/wp-content/uploads/2022/11/2022-SAAG-PRJ-827897-Public-summary-4-monitoramento.pdf
24,SLC Agrícola S.A - Maiz,Brazil ,2022,https://responsiblesoy.org/wp-content/uploads/2022/11/GC-FORM-IT-016-06-Relatorio-Resumo-Publico_SLC-20-10-2022-1.pdf
25,SLC Agrícola S.A.,Brazil ,2022,https://responsiblesoy.org/wp-content/uploads/2022/11/GC-FORM-IT-016-06-Relatorio-Resumo-Publico_SLC-20-10-2022-1.pdf
26,ADM do Brasil - Fazenda Perdigão,Brazil ,2022,https://responsiblesoy.org/wp-content/uploads/2022/11/2022-Resumo-Publico-Fazenda-Perdigao.pdf
27,Louis Dreyfus Company – Bom Futuro Agrícola LTDA,Brazil ,2022,https://responsiblesoy.org/wp-content/uploads/2022/11/Relatorio-Resumo-Publico-RTRS_LDC.pdf
28,Caldenes S.A. - Corn,Argentina ,2022,https://responsiblesoy.org/wp-content/uploads/2022/11/CALDENES-Informe_Publico_de_Certificacion_RTRS-S1-2022-APROBADOCRN-4-3.pdf
29,Desarrollo Agrícola del Paraguay S.A.,Argentina ,2022,https://responsiblesoy.org/wp-content/uploads/2022/11/DAP_Informe-publico_2022_Final.pdf
30,Caldenes S.A.,Argentina ,2022,https://responsiblesoy.org/wp-content/uploads/2022/10/CALDENES-Informe_Publico_de_Certificacion_RTRS-S1-2022-APROBADO.SJA_.pdf
31,Agrosoy S.A,Brazil ,2022,https://responsiblesoy.org/wp-content/uploads/2022/10/2022-Agrosoy-Public-Summary-2-monitoring-1.pdf
32,Associação Clube Amigos da Terra – CAT Sorriso,Brazil ,2022,https://responsiblesoy.org/wp-content/uploads/2022/10/Relatorio-Resumo-Publico-RTRS_Grupo-CAT-Sorriso_2022-1.pdf
33,SLC Agricola S.A. - Group II Terra Santa,Brazil ,2022,https://responsiblesoy.org/wp-content/uploads/2022/10/GC-FORM-IT-016-06-Relatorio-Resumo-Publico_Terra-Santa_SLC-4.pdf
34,Tecnocampo S.A - Corn,Argentina ,2022,https://responsiblesoy.org/wp-content/uploads/2022/10/TECNOCAMPO-Informe_Publico_de_Certificacion_RTRS-MAIZ-2022-APROBADO.pdf
35,Suizangus SAAGCIYF,Argentina ,2022,https://responsiblesoy.org/wp-content/uploads/2022/09/2022_Informe-Publico_Suizangus-SAAGCIYF.pdf
36,Tecnocampo S.A. No-GMO,Argentina ,2022,https://responsiblesoy.org/wp-content/uploads/2022/09/2022_Informe-Publico_Tecnocampo-S.A.-non-GMO.pdf
37,Grupo Reinhofer,Brazil ,2022,https://responsiblesoy.org/wp-content/uploads/2022/08/2021_Informe-Publico_Grupo-Reinhofer.pdf
38,Cerquality Consultoria em Sustentabilidade e Certificação LTDA - Grupo IV,Brazil ,2022,https://responsiblesoy.org/wp-content/uploads/2022/09/2022_Informe-Publico_CerQuality-IV.pdf
39,Fazenda Pau Furado,Brazil ,2022,https://responsiblesoy.org/wp-content/uploads/2022/09/2022_Informe-Publico_Fazenda-Pau-Furado.pdf
40,Agrícola Magdalena S.R.L.,Argentina ,2022,https://responsiblesoy.org/wp-content/uploads/2022/09/2022_Informe-Publico_Agricola-Magdalena-S.R.L..pdf
41,FAPCEN,Brazil ,2022,https://responsiblesoy.org/wp-content/uploads/2022/09/2022_Informe-Publico_FAPCEN-Grupo-I.pdf
42,Amaggi Exp Imp Ltda–Grupo Parecis II,Brazil ,2022,https://responsiblesoy.org/wp-content/uploads/2022/09/2022_Informe-Publico_Amaggi-Exp-Imp-Ltda–Grupo-ParecisII.pdf
43,Aceitera General Deheza S.A.,Argentina ,2022,https://responsiblesoy.org/wp-content/uploads/2022/09/2022_Informe-Publico_Aceitera-General-Deheza-S.A..pdf
44,Rafael Alfredo Peralta Rodríguez,Argentina ,2022,https://responsiblesoy.org/wp-content/uploads/2022/08/2022_Informe-Publico_Rafael-Alfredo-Peralta-Rodriguez.pdf
45,Pradoten S.A.,Uruguay ,2022,https://responsiblesoy.org/wp-content/uploads/2022/08/2022_Informe-Publico_Pradoten-S.A..pdf
46,Silver Angel Impex Limited,India ,2022,https://responsiblesoy.org/wp-content/uploads/2022/08/2022_Informe-Publico_Silver-Angel-Impex-Limited.pdf
47,Monte Ovejero S.C.A.,Argentina ,2022,https://responsiblesoy.org/wp-content/uploads/2022/08/2022_Informe-Publico_Monte-Ovejero-S.A..pdf
48,Paraguay Agricultural Corporation S.A.,Paraguay ,2022,https://responsiblesoy.org/wp-content/uploads/2022/07/2022_Informe-Publico_Paraguay-Agricultural-Corporation-S.A..pdf
49,Kimex S.R.L. - no-GMO,Paraguay ,2022,https://responsiblesoy.org/wp-content/uploads/2022/07/2022_Informe-Publico_Kimex-S.R.L.-no-GMO.pdf
50,Kimex S.R.L.,Paraguay ,2022,https://responsiblesoy.org/wp-content/uploads/2022/07/2022_Informe-Publico_Kimex-S.R.L..pdf
51,Kiñewen S.A.,Argentina ,2022,https://responsiblesoy.org/wp-content/uploads/2022/07/2022_Informe-Publico_Kinewen-S.A..pdf
52,Don Pío S.R.L.,Argentina ,2022,https://responsiblesoy.org/wp-content/uploads/2022/07/2022_Informe-Publico_Don-Pio-SRL.pdf
53,ORLY S.A.C.I.F.,Argentina ,2022,https://responsiblesoy.org/wp-content/uploads/2022/07/2022_Informe-Publico_Orly-SACIF.pdf
54,Bunge Alimentos - Grupo de Productores Bunge,Brazil ,2022,https://responsiblesoy.org/wp-content/uploads/2022/07/2022_Informe-Publico_Bunge-Alimentos-S.A-–-Grupo-de-Produtores-Bunge-2.pdf
55,San Felix S.A.,Argentina ,2022,https://responsiblesoy.org/wp-content/uploads/2022/06/2022_Informe-Publico_San-Felix-S.A..pdf
56,Planisferio SAU,Argentina ,2022,https://responsiblesoy.org/wp-content/uploads/2022/06/2022_Informe-Publico_Planisferio-SAU-1.pdf
57,Inacio Carlos Urban e outros - (Fazenda Pirulito),Brazil ,2022,https://responsiblesoy.org/wp-content/uploads/2022/06/2022_Informe-Publico_Inacio-Carlos-Urban-e-outros-Fazenda-Pirulito.pdf
58,Fazenda São João Batista,Brazil ,2022,https://responsiblesoy.org/wp-content/uploads/2022/06/2022_Informe-Publico_Fazenda-Sao-Joao-Batista.pdf
59,Fazenda Santa Cruz,Brazil ,2022,https://responsiblesoy.org/wp-content/uploads/2022/06/2022_Informe-Publico_Fazenda-Santa-Cruz.pdf
60,Espartina S.A.,Argentina ,2022,https://responsiblesoy.org/wp-content/uploads/2022/06/2022_Informe-Publico_Espartina-S.A..pdf
61,Noble Ecotech,India ,2022,https://responsiblesoy.org/wp-content/uploads/2022/06/2022_Informe-Publico_Noble-Ecotech.pdf
62,Cataratas do Iguaçu Produtos Orgânicos- Ltda – Gebana Brasil (Grupo Filipini),Brazil ,2022,https://responsiblesoy.org/wp-content/uploads/2022/06/2022_Informe-Publico_Cataratas-do-Iguacu-Produtos-Organicos-Ltda-–-Gebana-Brasil-Grupo-Filipini.pdf
63,Tecnocampo S.A.,Argentina ,2022,https://responsiblesoy.org/wp-content/uploads/2022/05/2022_Informe-Publico_Tecnocampo-S.A..pdf
64,Landmark Agri Exports,India ,2022,https://responsiblesoy.org/wp-content/uploads/2022/05/2022_Informe-Publico_Landmark-Agri-Exports-Private-Limited.pdf
65,GEAR S.A.A.I.C.F.E.I. no-GMO,Argentina ,2022,https://responsiblesoy.org/wp-content/uploads/2022/05/2022_Informe-Publico_GEAR-S.A.A.I.C.F.E.I.-no-GMO.pdf
66,GEAR S.A.A.I.C.F.E.I.,Argentina ,2022,https://responsiblesoy.org/wp-content/uploads/2022/05/2022_Informe-Publico_GEAR-S.A.A.I.C.F.E.I..pdf
67,AgroSB Agropecuária S.A.,Brazil ,2022,https://responsiblesoy.org/wp-content/uploads/2022/05/2022_Informe-Publico_AgroSB-Agropecuaria-S.A..pdf
68,Amaggi Commodities EU RED,Brazil ,2022,https://responsiblesoy.org/wp-content/uploads/2022/05/2022_Informe-Publico_Amaggi-EU-RED-Commodities.pdf
69,Agricola Piquillin S.R.L,Argentina ,2022,https://responsiblesoy.org/wp-content/uploads/2022/05/2022_Informe-Publico_Agricola-Piquillin-S.R.L..pdf
70,Louis Dreyfus Company - LDC Sorriso,Brazil ,2022,https://responsiblesoy.org/wp-content/uploads/2022/05/2022_Informe-Publico_Louis-Dreyfus-Company-LDC-Sorriso.pdf
71,Rafael Alfredo Peralta Rodríguez,Argentina ,2021,https://responsiblesoy.org/wp-content/uploads/2022/05/2021_Informe-Publico_Rafael-Alfredo-Peralta-Rodriguez.pdf
72,Suri Yaco S.R.L.,Argentina ,2021,https://responsiblesoy.org/wp-content/uploads/2022/05/2021_Informe-Publico_SuriYaco-SRL.pdf
73,Iruña SAIC,Paraguay ,2021,https://responsiblesoy.org/wp-content/uploads/2022/05/2021_Informe-Publico_Iruna.pdf
74,Arvind Limited,India ,2022,https://responsiblesoy.org/wp-content/uploads/2022/04/2022_Informe-Publico_Arvind-Limited.pdf
75,Cataratas do Iguaçu Produtos Orgânicos Ltda - Gebana Brasil,Brazil ,2022,https://responsiblesoy.org/wp-content/uploads/2022/04/2022_Informe-Publico_Cataratas-do-Iguacu-Produtos-Organicos-Gebana-Brasil.pdf
76,Agropecuaria Busanello S.A.,Paraguay ,2021,https://responsiblesoy.org/wp-content/uploads/2022/04/2021_Informe-Publico_Agropecuaria-Busanello-S.A..pdf
77,Delfino Llobet S.R.L.,Argentina ,2021,https://responsiblesoy.org/wp-content/uploads/2022/04/2021_Informe-Publico_Delfino-Llobet-S.R.L..pdf
78,Franco Michelli S.A.,Argentina ,2022,https://responsiblesoy.org/wp-content/uploads/2022/04/2022_Informe-Publico_Francho-Michelli-S.A.-1.pdf
79,Administración Enrique Duhau S.A.A.G.,Argentina ,2021,https://responsiblesoy.org/wp-content/uploads/2022/04/2021_Informe-Publico_Administracion-Duhau-S.A.A.G.pdf
80,Cusillos S.R.L.,Argentina ,2021,https://responsiblesoy.org/wp-content/uploads/2022/04/2021_Informe-Publico_Cusillos-S.R.L..pdf
81,Fazenda Nossa Senhora Aparecida,Brazil ,2021,https://responsiblesoy.org/wp-content/uploads/2022/03/2021_Informe-Publico_Fazenda-Nossa-Senhora-Aparecida.pdf
82,Francisco Sellart S.A.,Argentina ,2021,https://responsiblesoy.org/wp-content/uploads/2022/03/2021_Informe-Publico_Francisco-Sellart-S.A..pdf
83,Don Osvaldo S.A.,Argentina ,2021,https://responsiblesoy.org/wp-content/uploads/2022/02/2021_Informe-Publico_Don-Osvaldo-S.A..pdf
84,Agropecuaria Patagónica del Sur S.A.,Argentina ,2021,https://responsiblesoy.org/wp-content/uploads/2022/02/2021_Informe-Publico_Agropecuaria-Patagonica-del-Sur.pdf
85,Amaggi Exp. e Imp. Ltda – Grupo Parecis II,Brazil ,2021,https://responsiblesoy.org/wp-content/uploads/2022/02/2021_Informe-Publico_Amaggi-Exp-Imp-Ltda–Grupo-Parecis-II-EU-REDII-.pdf
86,Agroalas S.R.L.,Argentina ,2021,https://responsiblesoy.org/wp-content/uploads/2022/02/2021_Informe-Publico_Agroalas-S.R.L..pdf
87,Los Grobo Agropecuaria S.A.,Argentina ,2021,https://responsiblesoy.org/wp-content/uploads/2022/02/2021_Informe-Publico_-Los-Grobo-Agropecuaria-S.A..pdf
88,Pradoten S.A.,Uruguay ,2021,https://responsiblesoy.org/wp-content/uploads/2022/02/2021_Informe-Publico_Pradoten-S.A..pdf
89,Chacra La Perdiz S.A.S,Argentina ,2021,https://responsiblesoy.org/wp-content/uploads/2022/01/2021_Informe-Publico_Chacra-La-Perdiz-S.A.S..pdf
90,Bom Jesus Agropecuaria LTDA - Fazenda Mirandópolis,Brazil ,2021,https://responsiblesoy.org/wp-content/uploads/2022/01/2021_Informe-Publico_Bom-Jesus-Agropecuaria-Ltda-Fazenda-Mirandopolis.pdf
91,Fazenda Lagoa Dourada,Brazil ,2021,https://responsiblesoy.org/wp-content/uploads/2022/01/2021_Informe-Publico_Fazenda-Lagoa-Dourada.pdf
92,CRESOL - Estrada de Ferro,Brazil ,2021,https://responsiblesoy.org/wp-content/uploads/2022/01/2021_Informe-Publico_CRESOL-Estrada-de-Ferro.pdf
93,Hijas de Juan Harriet S.A.,Argentina ,2021,https://responsiblesoy.org/wp-content/uploads/2022/01/2021_Informe-Publico_Hijas-de-Juan-Harriet-S.A..pdf
94,S y D Lafuente S.A.,Argentina ,2021,https://responsiblesoy.org/wp-content/uploads/2022/01/2021_Informe-Publico_S-y-D-Lafuente-S.A..pdf
95,Grupo Hervalense,Brazil ,2021,https://responsiblesoy.org/wp-content/uploads/2022/01/2021_Informe-Publico_Grupo-Hervalense.pdf
96,GGF - Agro LTDA,Brazil ,2021,https://responsiblesoy.org/wp-content/uploads/2022/01/2021_Informe-Publico_GGF-Agro-LTDA.pdf
97,Ledesma S.A.A.I.,Argentina ,2021,https://responsiblesoy.org/wp-content/uploads/2022/01/2021_Informe-Publico_Ledesma-SAAI.pdf
98,Fazenda Modelo (Eswalter Zanetti e Outros),Brazil ,2021,https://responsiblesoy.org/wp-content/uploads/2022/01/2021_Informe-Publico_Fazenda-Modelo.pdf
99,Cosufi S.A.,Argentina ,2021,https://responsiblesoy.org/wp-content/uploads/2022/01/2021_Informe-Publico_Cosufi-S.A..pdf
100,O Telhar Agropecuária LTDA,Brazil ,2021,https://responsiblesoy.org/wp-content/uploads/2022/01/2021_Informe-Publico_O-Telhar-Agropecuaria-Ltda..pdf
101,GMS Agronegócio Ltda,Argentina ,2021,https://responsiblesoy.org/wp-content/uploads/2022/01/2021_Informe-Publico_GMS-Agronegocio-Ltda-1.pdf
102,Kiñewen S.A.,Argentina ,2021,https://responsiblesoy.org/wp-content/uploads/2022/01/2021_Informe-Publico_KInewen-S.A..pdf
103,Tilo Pampa S.A.,Argentina ,2021,https://responsiblesoy.org/wp-content/uploads/2021/12/2021_Informe-Publico_Tilo-Pampa-S.A.-2.pdf
104,Girassol Agrícola Ltda,Brazil ,2021,https://responsiblesoy.org/wp-content/uploads/2021/12/2021_Informe-Publico_Fazenda-Girassol.pdf
105,Salentein Argentina B.V.,Argentina ,2021,https://responsiblesoy.org/wp-content/uploads/2021/12/2021_Informe-Publico_Salentein-Argentina-B.V..pdf
106,Fazenda Verde Agropastoril Jatobasso Ltda,Brazil ,2021,https://responsiblesoy.org/wp-content/uploads/2021/12/2021_Informe-Publico_Agropastoril-Jotabasso-Ltda.-Fazenda-Verde.pdf
107,Agronomía Ing. Gauchat y Asociados S.R.L.,Argentina ,2021,https://responsiblesoy.org/wp-content/uploads/2021/12/2021_Informe-Publico_Agronomia-Ing.-Gauchat-y-Asoc.-S.R.L..pdf
108,Magnano Pablo Fabian,Argentina ,2021,https://responsiblesoy.org/wp-content/uploads/2021/12/2021_Informe-Publico_Magnano-Pablo-Fabian.pdf
109,Antoine Jean Marie Dechamps,Argentina ,2021,https://responsiblesoy.org/wp-content/uploads/2021/12/2021_Informe-Publico_Antoine-Jean-Marie-Dechamps.pdf
110,Garmat S.A.,Argentina ,2021,https://responsiblesoy.org/wp-content/uploads/2021/12/2021_Informe-Publico_Garmat-S.A..pdf
111,Agrex do Brasil S.A.,Brazil ,2021,https://responsiblesoy.org/wp-content/uploads/2021/12/2021_Informe-Publico_Agrex-do-Brasil-S.A..pdf
112,Amaggi Exp Imp Ltda – Grupo Parecis II,Brazil ,2021,https://responsiblesoy.org/wp-content/uploads/2021/12/2021_Informe-Publico_Amaggi-Exp-Imp-Ltda–Grupo-Parecis-II.pdf
113,Produzindo Certo – Grupo Comigo,Brazil ,2021,https://responsiblesoy.org/wp-content/uploads/2021/11/2021_Informe-Publico_Produzindo-Certo-–-Grupo-Comigo.pdf
114,Compañía Agroindustrial La Oriental S.A.,Argentina ,2021,https://responsiblesoy.org/wp-content/uploads/2021/11/2021_Informe-Publico_Compania-Agroindustrial-La-Oriental-S.A..pdf
115,Saag Comercial Exportadora Ltda no-GMO,Brazil ,2021,https://responsiblesoy.org/wp-content/uploads/2021/11/2021_Informe-Publico_Saag-Comercial-Exportadora-Ltda..pdf
116,Bartira Gestão Agropecuária,Brazil ,2021,https://responsiblesoy.org/wp-content/uploads/2021/11/2021_Informe-Publico_Bartira-Gestao-Agropecuaria.pdf
117,Orly S.A.C.I.F.,Argentina ,2021,https://responsiblesoy.org/wp-content/uploads/2021/11/2021_Informe-Publico_ORLY-SACIF.pdf
118,Associação Clube Amigos da Terra CAT Sorriso,Brazil ,2021,https://responsiblesoy.org/wp-content/uploads/2021/11/2021_-Informe-Publico_-Associacao-Clube-Amigos-da-Terra-CAT-Sorriso.pdf
119,Viluco S.A.,Argentina ,2021,https://responsiblesoy.org/wp-content/uploads/2021/11/2021_Informe-Publico_Viluco-S.A..pdf
120,Produzindo Certo–Grupo Castrolanda,Brazil ,2021,https://responsiblesoy.org/wp-content/uploads/2021/11/2021_Informe-Publico_Produzindo-Certo-Grupo-Castrolanda.pdf
121,Kimex S.R.L.,Paraguay ,2021,https://responsiblesoy.org/wp-content/uploads/2021/11/2021_Informe-Publico_Kimex-S.R.L..pdf
122,Caldenes S.A.,Argentina ,2021,https://responsiblesoy.org/wp-content/uploads/2021/10/2021_Informe-Publico_Caldenes-S.A..pdf
123,San Felix S.A.,Argentina ,2021,https://responsiblesoy.org/wp-content/uploads/2021/10/2021_Informe-Publico_San-Felix-S.A..pdf
124,Provinvest S.A.,Argentina ,2021,https://responsiblesoy.org/wp-content/uploads/2021/10/2021_Informe-Publico_Provinvest-S.A..pdf
125,SLC Agrícola,Brazil ,2021,https://responsiblesoy.org/wp-content/uploads/2021/10/2021_Informe-Publico_SLC-Agricola.pdf
126,La Providencia Agricola Ganadera S.R.L.,Argentina ,2021,https://responsiblesoy.org/wp-content/uploads/2021/09/2021_Informe-Publico_La-Providencia-Agricola-Ganadera-S.R.L..pdf
127,Fazendas Bartira - non-GMO,Brazil ,2021,https://responsiblesoy.org/wp-content/uploads/2021/09/2021_Informe-Publico_Fazendas-Bartira-no-GMO.pdf
128,Fazendas Bartira,Brazil ,2021,https://responsiblesoy.org/wp-content/uploads/2021/09/2021_Informe-Publico_Fazendas-Bartira.pdf
129,Desarrollo Agrícola del Paraguay S.A. - D.A.P.,Paraguay ,2021,https://responsiblesoy.org/wp-content/uploads/2021/09/2021_Informe-Publico_Desarrollo-Agricola-del-Paraguay-S.A..pdf
130,Aliança da Terra - Grupo IV,Brazil ,2021,https://responsiblesoy.org/wp-content/uploads/2021/09/2021_Infome-Publico_Alianca-da-Terra-Grupo-IV.pdf
131,Adeco Agropecuaria S.A.,Argentina ,2021,https://responsiblesoy.org/wp-content/uploads/2021/08/2021_Infome-Publico_Adeco-Agropecuaria-S.A..pdf
132,Arvind Limited,India ,2021,https://responsiblesoy.org/wp-content/uploads/2021/08/2021_Informe-Publico_Arvind-Limited.pdf
133,Ferias del Norte S.A.C.I.A.,Argentina ,2021,https://responsiblesoy.org/wp-content/uploads/2021/08/2021_Informe-Publico_Ferias-del-Norte-S.A.C.I.A..pdf
134,Espartina S.A.,Argentina ,2021,https://responsiblesoy.org/wp-content/uploads/2021/08/2021_Informe-Publico_Espartina-S.A..pdf
135,San José del Oeste S.A.,Argentina ,2021,https://responsiblesoy.org/wp-content/uploads/2021/08/2021_Informe-Publico_San-Jose-del-Oeste-S.A..pdf
136,Agrícola Magdalena S.R.L.,Argentina ,2021,https://responsiblesoy.org/wp-content/uploads/2021/08/2021_Informe-Publico_Agricola-Magdalena-S.R.L..pdf
137,Planisferio S..A.U.,Argentina ,2021,https://responsiblesoy.org/wp-content/uploads/2021/08/2021_Informe-Publico_Planisferio-S.A.U..pdf
138,Aceitera General Deheza S.A.,Argentina ,2021,https://responsiblesoy.org/wp-content/uploads/2021/08/2021_Informe-Publico_Aceitera-General-Deheza-S.A..pdf
139,Fazenda Agrícola Dourado S.A.,Brazil ,2021,https://responsiblesoy.org/wp-content/uploads/2021/07/2021_Informe-Publico_Fazenda-Agricola-Dourado-S.A..pdf
140,Haritprakash Biocare LLP,India ,2020,https://responsiblesoy.org/wp-content/uploads/2021/07/2020_Informe-Publico_Haritprakash-Biocare-LLP.pdf
141,Paraguay Agricultural Corporation S.A.,Paraguay ,2021,https://responsiblesoy.org/wp-content/uploads/2021/07/2021_Informe-Publico_PAYCO.pdf
142,El Progreso de Rawson,Argentina ,2021,https://responsiblesoy.org/wp-content/uploads/2021/07/2021_Informe-Publico_El-Progreso-de-Rawson-S.A..pdf
143,El Progreso de Rawson - non GMO,Argentina ,2021,https://responsiblesoy.org/wp-content/uploads/2021/07/2021_Informe-Publico_El-Progreso-de-Rawson-S.A.-no-GMO.pdf
144,Tecnocampo S.A. no-GMO,Argentina ,2021,https://responsiblesoy.org/wp-content/uploads/2021/07/2021_Informe-Publico_Tecnocampo-S.A.-no-GMO.pdf
145,Tecnocampo S.A.,Argentina ,2021,https://responsiblesoy.org/wp-content/uploads/2021/07/2021_Informe-Publico_Tecnocampo-S.A..pdf
146,Amaggi Commodities EU RED,Brazil ,2021,https://responsiblesoy.org/wp-content/uploads/2021/06/2021_Informe-Publico_Amaggi-EU-RED-Commodities.pdf
147,Agrosoy S.A.,Paraguay ,2021,https://responsiblesoy.org/wp-content/uploads/2021/06/2021_Informe-Publico_Agrosoy-S.A..pdf
148,San Juan del Totoral S.A.,Argentina ,2021,https://responsiblesoy.org/wp-content/uploads/2021/06/2021_Informe-Publico_San-Juan-del-Totoral-S.A..pdf
149,FAPCEN I,Brazil ,2021,https://responsiblesoy.org/wp-content/uploads/2021/05/2021_Informe-Publico_FAPCEN-Grupo-I.pdf
150,FAPCEN III,Brazil ,2021,https://responsiblesoy.org/wp-content/uploads/2021/05/2021_Informe-Pubblico_FAPCEN-III.pdf
151,CYTASA,Paraguay ,2021,https://responsiblesoy.org/wp-content/uploads/2021/05/2021_Informe-Publico_CYTASA.pdf
152,Administración Enrique Duhau S.A.A.G.,Argentina ,2020,https://responsiblesoy.org/wp-content/uploads/2021/05/2020_Informe-Publico_Administracion-Enrique-Duhau-S.A.A.G..pdf
153,Dechamps Antoine Jean Marie,Argentina ,2020,https://responsiblesoy.org/wp-content/uploads/2021/05/2020_Informe-Publico_Dechamps-Antoine-Jean-Marie-1.pdf
154,Mahaveer Udhyog,India ,2021,https://responsiblesoy.org/wp-content/uploads/2021/04/2021_Informe-Publico_Mahaveer-Udhyog-1.pdf
155,Cataratas do Iguaçu Produtos Orgânicos Ltda - Gebana Brasil,Brazil ,2021,https://responsiblesoy.org/wp-content/uploads/2021/04/2021_Informe-Publico_Cataratas-do-Iguazu-Productos-Organicos-Ltda-Gebana-Brasil.pdf
156,Nogalnotte S.A.,Argentina ,2021,https://responsiblesoy.org/wp-content/uploads/2021/04/2021_Informe-Publico_Nogalnotte-S.A..pdf
157,AgroSB Agropecuária S.A.,Brazil ,2021,https://responsiblesoy.org/wp-content/uploads/2021/03/2021_Informe-Publico_AgroSB-Agropecuaria-S.A..pdf
158,AgroSB Agropecuária S.A.,Brazil ,2020,https://responsiblesoy.org/wp-content/uploads/2021/03/2020_Informe-Publico_AgroSB-Agropecuaria-S.A..pdf
159,Ish Agritech Private Limited,India ,2021,https://responsiblesoy.org/wp-content/uploads/2021/03/2020_Informe-Publico_Ish-Agritech-Private-Limited-2.pdf
160,Don Osvaldo S.A.,Argentina ,2020,https://responsiblesoy.org/wp-content/uploads/2021/03/2020_Informe-Publico_Don-Osvaldo-S.A..pdf
161,Agrex do Brasil S.A.,Brazil ,2020,https://responsiblesoy.org/wp-content/uploads/2021/03/2020_Informe-Publico_Agrex-do-Brasil-S.A.-2.pdf
162,Cerquality Consultoria em Sustentabilidade e Certificação LTDA Grupo I,Brazil ,2021,https://responsiblesoy.org/wp-content/uploads/2021/03/2021_Informe-Publico_Cerquality-Consultoria-em-Sustentabilidade-e-Certificacao-LTDA-ME-Grupo-I.pdf
163,Cerquality Consultoria em Sustentabilidade e Certificação LTDA Grupo I,Brazil ,2021,https://responsiblesoy.org/wp-content/uploads/2021/07/2021_Informe-Publico_Cerquality-Consultoria-em-Sustentabilidade-e-Certificacao-LTDA-ME-Grupo-I-real.pdf
164,Fazenda Nossa Senhora Aparecida,Brazil ,2020,https://responsiblesoy.org/wp-content/uploads/2021/03/2020_Informe-Publico_Fazenda-Nossa-Senhora-Aparecida.pdf
165,Francisco Sellart S.A.,Argentina ,2020,https://responsiblesoy.org/wp-content/uploads/2021/03/2020_Informe-Publico_Francisco-Sellart-S.A..pdf
166,Ledesma S.A.A.I.,Argentina ,2020,https://responsiblesoy.org/wp-content/uploads/2021/02/2020_Informe-Publico_Ledesma-S.A.A.I..pdf
167,Cosufi S.A.,Argentina ,2020,https://responsiblesoy.org/wp-content/uploads/2021/02/2020_Informe-Publico_Cosufi-S.A..pdf
168,El Potrero de San Lorenzo S.A.,Argentina ,2020,https://responsiblesoy.org/wp-content/uploads/2021/02/2020_Informe-Publico_El-Potrero-de-San-Lorenzo-S.A..pdf
169,Louis Dreyfus Company - LDC Sorriso,Brazil ,2020,https://responsiblesoy.org/wp-content/uploads/2021/02/2020_Informe-Publico_LDC.pdf
170,Tilo Pampa S.A.,Argentina ,2020,https://responsiblesoy.org/wp-content/uploads/2021/02/2020_Informe-Publico_Tilo-Pampa-S.A..pdf
171,Agroalas S.R.L.,Argentina ,2020,https://responsiblesoy.org/wp-content/uploads/2021/02/2020_Informe-Publico_Agroalas-S.R.L..pdf
172,Monte Ovejero S.C.A.,Argentina ,2020,https://responsiblesoy.org/wp-content/uploads/2021/02/2020_Informe-Publico_Monteovejero-S.C.A..pdf
173,Fazenda Uirapuru,Brazil ,2020,https://responsiblesoy.org/wp-content/uploads/2021/01/2020_Informe-Publico_Fazenda-Uirapuru.pdf
174,Cusillos S.R.L.,Argentina ,2020,https://responsiblesoy.org/wp-content/uploads/2021/01/2020_Informe-Publico_Cusillos-S.R.L..pdf
175,Cerquality Consultoria em Sustentabilidade e Certificação LTDA. Grupo III,Brazil ,2021,https://responsiblesoy.org/wp-content/uploads/2021/01/2021_Informe-Publico_Cerquality-Consultoria-em-Sustentabilidade-e-Certificacao-LTDA-ME-Grupo-III.pdf
176,Don Pío S.R.L.,Argentina ,2020,https://responsiblesoy.org/wp-content/uploads/2021/01/2020_Informe-Publico_Don-Pio-S.R.L..pdf
177,Salentein Argentina B.V.,Argentina ,2020,https://responsiblesoy.org/wp-content/uploads/2021/01/2020_Informe-Publico_Salentein-Argentina-B.V..pdf
178,Agricola Piquillin S.R.L.,Argentina ,2020,https://responsiblesoy.org/wp-content/uploads/2021/01/2020_Informe-Publico_Agricola-Piquillin-S.R.L..pdf
179,GGF - Agro LTDA,Brazil ,2020,https://responsiblesoy.org/wp-content/uploads/2021/01/2020_Informe-Publico_GGF-Agro-LTDA..pdf
180,Pradoten S.A.,Uruguay ,2020,https://responsiblesoy.org/wp-content/uploads/2021/01/2020_Informe-Publico_Pradoten-S.A..pdf
181,Suri Yaco S.R.L.,Argentina ,2020,https://responsiblesoy.org/wp-content/uploads/2021/01/2020_Informe-Publico_Suri-Yaco-S.R.L..pdf
182,Agropecuaria Patagónica del Sur S.A.,Argentina ,2020,https://responsiblesoy.org/wp-content/uploads/2021/01/2020_Informe-Publico_-Agropecuaria-Patagonica-del-Sur-S.A..pdf
183,Viluco S.A.,Argentina ,2020,https://responsiblesoy.org/wp-content/uploads/2021/01/2020_Informe-Publico_Viluco-S.A..pdf
184,Agronomía Ing. Gauchat y Asociados S.R.L.,Argentina ,2020,https://responsiblesoy.org/wp-content/uploads/2021/01/2020_Informe-Publico_Agronomia-Ing.-Gauchat-y-Asoc.-S.R.L..pdf
185,SLC Agricola S.A. - EU RED,Brazil ,2020,https://responsiblesoy.org/wp-content/uploads/2021/01/2020_Informe-Publico_SLC-Agricola-S.A.-EU-RED.pdf
186,SLC Agricola S.A.,Brazil ,2020,https://responsiblesoy.org/wp-content/uploads/2021/03/2020-SLC-Informe-4.pdf
187,Kiñewen S.A.,Argentina ,2020,https://responsiblesoy.org/wp-content/uploads/2021/01/2020_Informe-Publico_Kinewen-S.A..pdf
188,O Telhar Agropecuária LTDA,Brazil ,2020,https://responsiblesoy.org/wp-content/uploads/2021/01/2020_Informe-Publico_O-Telhrar-Agropecuaria-Ltda.pdf
189,Fazenda Verde Agropastoril Jotabasso Ltda,Brazil ,2020,https://responsiblesoy.org/wp-content/uploads/2021/01/2020_Informe-Publico_-Fazenda-Verde-Agropastoril-Jatobasso-Ltda.pdf
190,Girassol Agrícola Ltda,Brazil ,2020,https://responsiblesoy.org/wp-content/uploads/2020/12/2020_Informe-Publico_Girassol-Agricola-Ltda.pdf
191,Grupo Hervalense,Brazil ,2020,https://responsiblesoy.org/wp-content/uploads/2020/12/2020_Informe-Publico_Grupo-Hervalense.pdf
192,Magnano Pablo Fabián,Argentina ,2020,https://responsiblesoy.org/wp-content/uploads/2020/12/2020_Informe-Publico_Magnano-Pablo-Fabian.pdf
193,Fazenda Modelo (Eswalter Zanetti e Outros),Brazil ,2020,https://responsiblesoy.org/wp-content/uploads/2020/12/2020_Informe-Publico_Fazenda-Modelo.pdf
194,Sinograin Northern Agriculture Development Company Ltd.,China ,2020,https://responsiblesoy.org/wp-content/uploads/2020/12/2020_Informe-Publico_Sinograin-Northern-Agriculture-Development-Company-Ltd..pdf
195,CRESOL - Estrada de Ferro,Brazil ,2020,https://responsiblesoy.org/wp-content/uploads/2020/12/2020_Informe-Publico_CRESOL-Estrada-de-Ferro.pdf
196,San Jose del Oeste S.A.,Argentina ,2020,https://responsiblesoy.org/wp-content/uploads/2020/12/2020_Informe-Publico_San-Jose-del-Oeste-S.A..pdf
197,S y D Lafuente S.A.,Argentina ,2020,https://responsiblesoy.org/wp-content/uploads/2020/12/2020_Informe-Publico_S-y-D-Lafuente-S.A..pdf
198,Hijas de Juan A. Harriet S.A.,Argentina ,2020,https://responsiblesoy.org/wp-content/uploads/2020/12/2020_Informe-Publico_Hijas-de-Juan-Harriet-S.A..pdf
199,Ferias del Norte S.A.C.I.A.,Argentina ,2020,https://responsiblesoy.org/wp-content/uploads/2020/12/2020_Informe-Publico_Ferias-del-Norte-S.A.C.I.A..pdf
200,Fazenda Pau Furado,Brazil ,2020,https://responsiblesoy.org/wp-content/uploads/2020/12/2020_Informe-Publico_Fazenda-Pau-Furado.pdf
201,Fazenda Aurora,Brazil ,2020,https://responsiblesoy.org/wp-content/uploads/2020/12/2020_Informe-Publico_Fazenda-Aurora.pdf
202,Bom Jesus Agropecuaria Ltda,Brazil ,2020,https://responsiblesoy.org/wp-content/uploads/2020/12/2020_Informe-Publico_Bom-Jesus-Agropecuaria-Ltda.pdf
203,Aliança da Terra Gestora - Grupo IV,Brazil ,2020,https://responsiblesoy.org/wp-content/uploads/2020/12/2020_Informe-Publico_Alianca-da-Terra.pdf
204,Espartina S.A.,Argentina ,2020,https://responsiblesoy.org/wp-content/uploads/2020/12/2020_Informe-Publico_Espartina-S.A.-1.pdf
205,Compañía Agronindustrial La Oriental S.A.,Argentina ,2020,https://responsiblesoy.org/wp-content/uploads/2020/12/2020_Informe-Publico_Compania-Agroindustrial-La-Oriental-S.A..pdf
206,San Felix S.A.,Argentina ,2020,https://responsiblesoy.org/wp-content/uploads/2020/12/2020_Informe-Publico_San-Felix-S.A..pdf
207,Los Grobo Agropecuaria S.A.,Argentina ,2020,https://responsiblesoy.org/wp-content/uploads/2020/11/2020_Informe-Publico_Los-Grobo-Agropecuaria-S.A..pdf
208,Iruña SAIC,Paraguay ,2020,https://responsiblesoy.org/wp-content/uploads/2020/11/2020_Informe-Publico_Iruna-SAIC.pdf
209,Associacao Clube Amigos da Terra -CAT Sorriso,Brazil ,2020,https://responsiblesoy.org/wp-content/uploads/2020/11/2020_Informe-Publico_Associacao-Clube-de-Amigos-da-Terra-CAT-Sorriso.pdf
210,Agropecuaria Busanello S.A.,Paraguay ,2020,https://responsiblesoy.org/wp-content/uploads/2020/11/2020_Informe-Publico_Agropecuaria-Busanello-S.A.-1.pdf
211,Fazenda Agrícola Dourado S.A,Brazil ,2020,https://responsiblesoy.org/wp-content/uploads/2021/07/2020_Informe-Publico_-Fazenda-Agricola-Dourado-S.A.-REAL.pdf
212,Ferbuel S.A.,Argentina ,2020,https://responsiblesoy.org/wp-content/uploads/2020/11/2020_Informe-Publico_Ferbuel-S.A..pdf
213,Rafael Alfredo Peralta Rodriguez,Argentina ,2020,https://responsiblesoy.org/wp-content/uploads/2020/11/2020_Informe-Publico_Rafael-Alfredo-Peralta-Rodriguez.pdf
214,Cerquality Consultoria em Sustentabilidade e Certificação LTDA. Grupo III,Brazil ,2020,https://responsiblesoy.org/wp-content/uploads/2020/11/2020_Informe-Publico_Cerquality-Consultoria-em-Sustentabilidade-e-Certificacao-LTDA-Grupo-III.pdf
215,Orly S.A.C.I.F.,Argentina ,2020,https://responsiblesoy.org/wp-content/uploads/2020/11/2020_Informe-Publico_Orly-SACIF.pdf
216,Agricola Xingu S.A,Brazil ,2020,https://responsiblesoy.org/wp-content/uploads/2020/10/2020_Informe-Publico_Agricola-Xingu-S.A..pdf
217,Agrícola Magdalena SRL – Famiglia Ross,Argentina ,2020,https://responsiblesoy.org/wp-content/uploads/2020/10/2020_Informe-Publico_Agricola-Magdalena-S.R.L..pdf
218,Garmat S.A.,Argentina ,2020,https://responsiblesoy.org/wp-content/uploads/2020/10/2020_Informe-Publico_Garmat-S.A..pdf
219,Caldenes S.A.,Argentina ,2020,https://responsiblesoy.org/wp-content/uploads/2020/10/2020_Informe-Publico_Caldenes-S.A..pdf
220,Desarrollo Agricola del Paraguay S.A.,Paraguay ,2020,https://responsiblesoy.org/wp-content/uploads/2020/09/2020_Informe-Publico_Desarrollo-Agricola-del-Paraguay-S.A..pdf
221,Grupo Reinhofer,Brazil ,2020,https://responsiblesoy.org/wp-content/uploads/2020/09/2020-_-Informe-Publico_Grupo_Reinhofer.pdf
222,Agrex do Brasil S.A.,Brazil ,2020,https://responsiblesoy.org/wp-content/uploads/2020/09/2020_Informe-Publico_Agrex-do-Brasil-S.A..pdf
223,SAAG Comercial Exportadora Ltda. non-GMO,Brazil ,2020,https://responsiblesoy.org/wp-content/uploads/2020/08/2020_Informe-Publico_SAAG-Comercial-Exportadora-Ltda.-no-GMO.pdf
224,SAAG Comercial Exportadora Ltda.,Brazil ,2020,https://responsiblesoy.org/wp-content/uploads/2020/08/2020_Informe-Publico_SAAG-Comercial-Exportadora-Ltda..pdf
225,Provinvest S.A.,Argentina ,2020,https://responsiblesoy.org/wp-content/uploads/2020/08/2020_Informe-Publico_Provinvest-S.A..pdf
226,Tecnocampo S.A. non-GMO,Argentina ,2020,https://responsiblesoy.org/wp-content/uploads/2020/08/2020_Informe-Publico_Tecnocampo-S.A.-no-GMO.pdf
227,Tecnocampo S.A.,Argentina ,2020,https://responsiblesoy.org/wp-content/uploads/2020/08/2020_Informe-Publico_Tecnocampo-S.A..pdf
228,Adeco Agropecuaria S.A.,Argentina ,2020,https://responsiblesoy.org/wp-content/uploads/2020/08/2020_Informe-Publico_Adeco-Agropecuaria-S.A..pdf
229,El Progreso de Rawson S.A.,Argentina ,2020,https://responsiblesoy.org/wp-content/uploads/2020/08/2020_Informe-Publico_El-Progreso-de-Rawson-S.A..pdf
230,El Progreso de Rawson - Non GMO,Argentina ,2020,https://responsiblesoy.org/wp-content/uploads/2020/08/2020_Informe-Publico_El-Progreso-de-Rawson-S.A.-no-GMO.pdf
231,Arvind Limited,India ,2020,https://responsiblesoy.org/wp-content/uploads/2020/07/2020_Informe-Publico_Arvind-Limited.pdf
232,Amaggi Commodities EU RED,Brazil ,2020,https://responsiblesoy.org/wp-content/uploads/2021/03/2020_Informe-Publico_Amaggi-Commodities-EU-RED-2-5.pdf
233,FAPCEN III,Brazil ,2020,https://responsiblesoy.org/wp-content/uploads/2020/07/2020_Informe-Publico_FAPCEN-Grupo-III.2.pdf
234,FAPCEN,Brazil ,2020,https://responsiblesoy.org/wp-content/uploads/2020/07/2020_Informe-Publico_FAPCEN-Grupo-I.pdf
235,Fazendas Bartira,Brazil ,2020,https://responsiblesoy.org/wp-content/uploads/2020/07/2020_Informe-Publico_Fazenda-Bartira.pdf
236,La Providencia Agrícola Ganadera S.R.L.,Argentina ,2020,https://responsiblesoy.org/wp-content/uploads/2020/07/2020_Informe-Publico_La-Providencia-Agricola-Ganadera-S.R.L..pdf
237,Kimex S.R.L.,Paraguay ,2020,https://responsiblesoy.org/wp-content/uploads/2020/07/2020_Informe-Publico_Kimex-S.R.L..pdf
238,Paraguay Agricultural Corporation S.A.,Paraguay ,2020,https://responsiblesoy.org/wp-content/uploads/2020/06/2020_Informe-Publico_Paraguay-Agricultural-Corporation-S.A..pdf
239,Aceitera General Deheza S.A.,Argentina ,2020,https://responsiblesoy.org/wp-content/uploads/2020/06/2020_Informe-Publico_Aceitera-General-Deheza-S.A..pdf
240,Planisferio S.A.,Argentina ,2020,https://responsiblesoy.org/wp-content/uploads/2020/06/2020_Informe-Publico_Planisferio-S.A..pdf
241,Zubiaurre S.A,Argentina ,2019,https://responsiblesoy.org/wp-content/uploads/2020/06/2019_Informe-Publico_Zubiaurre-S.A..pdf
242,Francisco Sellart,Argentina ,2019,https://responsiblesoy.org/wp-content/uploads/2020/06/2019_Informe-Publico_Francisco-Sellart-S.A..pdf
243,Cerquality Consultoria em Sustentabilidade e Certificacao LTDA - Grupo I,Brazil ,2020,https://responsiblesoy.org/wp-content/uploads/2020/06/2020_Informe-Publico_-Cerquality-Consultoria-em-Sustentabilidade-e-Certificacao-LTDA-Grupo-I.pdf
244,Agrosoy S.A.,Paraguay ,2020,https://responsiblesoy.org/wp-content/uploads/2020/06/2020_Informe-Publico_AgroSoy-S.A..pdf
245,Magnano Pablo Fabian,Argentina ,2019,https://responsiblesoy.org/wp-content/uploads/2020/04/2019_Informe-Publico_Magnano-Pablo-Fabian.pdf
246,Louis Dreyfus Company – LDC Sorriso,Brazil ,2019,https://responsiblesoy.org/wp-content/uploads/2020/04/2019_Informe-Publico_Louis-Dreyfus-Company-–-LDC-Sorriso.pdf
247,Associação Clube Amigos da Terra CAT Sorriso,,2019,https://responsiblesoy.org/wp-content/uploads/2020/04/2019_Informe-Publico_Associação-Clube-Amigos-da-Terra-CAT-Sorriso.pdf
248,Agrex do Brasil S.A.,Brazil ,2018,https://responsiblesoy.org/wp-content/uploads/2020/04/2018_Informe-Publico_Agrex-do-Brasil.pdf
249,Mahaveer Udhyog,India ,2020,https://responsiblesoy.org/wp-content/uploads/2020/04/2020-RTRS-CUC-Mahaveer-Udhyog-1.pdf
250,GGF - Guerino Ferrarin e Outros,Brazil ,2020,https://responsiblesoy.org/wp-content/uploads/2020/03/2019_Informe-Publico_GGF-Guerio-Ferrarin-e-Outros-4.pdf
251,O Telhar Agropecuária LTDA,Brazil ,2019,https://responsiblesoy.org/wp-content/uploads/2020/03/2019_Informe-Publico_O-Telhar-Agropecuaria-LTDA.pdf
252,Nogalnotte S.A.,Argentina ,2019,https://responsiblesoy.org/wp-content/uploads/2020/03/2019_Informe-Publico_Nogalnotte-S.A.-1.pdf
253,Zubiaurre S.A.,Argentina ,2018,https://responsiblesoy.org/wp-content/uploads/2020/03/2018_Informe-Publico_Zubiaurre-3.pdf
254,ORLY S.A.C.I.F.,Argentina ,2019,https://responsiblesoy.org/wp-content/uploads/2020/03/2019_Informe-Publico_ORLY-SACIF.pdf
255,Tecnocampo,Argentina ,2019,https://responsiblesoy.org/wp-content/uploads/2020/03/2019_Informe-Publico_Tecnocampo-1.pdf
256,Suri Yaco SRL,Argentina ,2019,https://responsiblesoy.org/wp-content/uploads/2020/03/2019_Informe-Publico_Suriyaco.pdf
257,SLC Agricola SA,Brazil ,2019,https://responsiblesoy.org/wp-content/uploads/2021/03/2019-SLC-Informe-1.pdf
258,Sinograin,China ,2019,https://responsiblesoy.org/wp-content/uploads/2020/03/2019_Informe-Publico_Sinograin.pdf
259,San Felix S.A,Argentina ,2019,https://responsiblesoy.org/wp-content/uploads/2020/03/2019_Informe-publico_San-Felix-SA-1.pdf
260,Saag Comercial Exportadora Ltda,Brazil ,2019,https://responsiblesoy.org/wp-content/uploads/2020/03/2019_Informe-Publico_Saag-Comercial-Exportadora-Ltda.pdf
261,Rafael Peralta Rodriguez,Argentina ,2019,https://responsiblesoy.org/wp-content/uploads/2020/03/2019_Informe-Publico_Rafael-Peralta-Rodriguez-1.pdf
262,Provinvest,Argentina ,2019,https://responsiblesoy.org/wp-content/uploads/2020/03/2019_Informe-Publico_Provinvest-1.pdf
263,Pradoten S.A.,Uruguay ,2019,https://responsiblesoy.org/wp-content/uploads/2020/03/2019_Informe-Publico_Pradoten-S.A..pdf
264,Planisferio,Argentina ,2019,https://responsiblesoy.org/wp-content/uploads/2020/03/2019_Informe-Publico_Planisferio.pdf
265,Paraguay Agriculture Corporation S.A.,Paraguay ,2019,https://responsiblesoy.org/wp-content/uploads/2020/03/2019_Informe-Publico_Paraguay-Agriculture-Corporation-S.A..pdf
266,Los Grobo Agropecuaria,Argentina ,2019,https://responsiblesoy.org/wp-content/uploads/2020/03/2019_Informe-Publico_Los-Grobo-Agropecuaria-1.pdf
267,Labracero SRL,Argentina ,2019,https://responsiblesoy.org/wp-content/uploads/2020/03/2019_Informe-Publico_Labracero-SRL-1.pdf
268,La Providencia Agricola Ganadera,Argentina ,2019,https://responsiblesoy.org/wp-content/uploads/2020/03/2019_Informe-Publico_La-Providencia-Agricola-Ganadera-SRL.pdf
269,Kinewen,Argentina ,2019,https://responsiblesoy.org/wp-content/uploads/2020/03/2019_Informe-Publico_Kiñewen-S.A..pdf
270,GGF-Guerio Ferrarin e Outros,Brazil ,2019,https://responsiblesoy.org/wp-content/uploads/2020/03/2019_Informe-Publico_GGF-Guerio-Ferrarin-e-Outros-1.pdf
271,Ferias del Norte S.A.C.I.A.,Argentina ,2019,https://responsiblesoy.org/wp-content/uploads/2020/03/2019_Informe-Publico_Ferias-del-Norte-1.pdf
272,Ferbuel S.A.,Argentina ,2019,https://responsiblesoy.org/wp-content/uploads/2020/03/2019_Informe-Publico_Ferbuel-S.A..pdf
273,Fazendas Bartira,Brazil ,2019,https://responsiblesoy.org/wp-content/uploads/2020/03/2019_Informe-Publico_Fazendas-Bartira.pdf
274,Fazenda Nossa Senhora Aparecida,Brazil ,2019,https://responsiblesoy.org/wp-content/uploads/2020/03/2019_Informe-Publico_Fazenda-Nossa-Senhora-Aparecida.pdf
275,FAPCEN,Brazil ,2019,https://responsiblesoy.org/wp-content/uploads/2020/03/2019_Informe-Publico_FAPCEN-1.pdf
276,Espartina,Argentina ,2019,https://responsiblesoy.org/wp-content/uploads/2020/03/2019_Informe-Publico_Espartina-1.pdf
277,El Progreso Rawson,Argentina ,2019,https://responsiblesoy.org/wp-content/uploads/2020/03/2019_Informe-Publico_El-Progreso-de-Rawson.pdf
278,Don Osvaldo,Argentina ,2019,https://responsiblesoy.org/wp-content/uploads/2020/03/2019_Informe-Publico_Don_Osvaldo-SA.pdf
279,Don Pio SRL,Argentina ,2019,https://responsiblesoy.org/wp-content/uploads/2020/03/2019_Informe-Publico_Don-Pio-S.R.L..pdf
280,Dechamps Antoine Jean Marie,Argentina ,2019,https://responsiblesoy.org/wp-content/uploads/2020/03/2019_Informe-Publico_Dechamps-Antoine-Jean-Marie.pdf
281,Cytasa,Paraguay ,2019,https://responsiblesoy.org/wp-content/uploads/2020/03/2019_Informe-publico_Cytasa-1.pdf
282,Cusillos,Argentina ,2019,https://responsiblesoy.org/wp-content/uploads/2020/03/2019_Informe-Publico_Cusillos.pdf
283,CRESOL Estrada de Ferro,Brazil ,2019,https://responsiblesoy.org/wp-content/uploads/2020/03/2019_Informe-Publico_CRESOL.pdf
284,Compañia Agroindustrial La Oriental,Argentina ,2019,https://responsiblesoy.org/wp-content/uploads/2020/03/2019_Informe-Publico_Compañia-Agroindustrial-La-Oriental.pdf
285,CerQuality Consultoria em Sustentabilidade e Certificação Ltda Grupo III,Brazil ,2019,https://responsiblesoy.org/wp-content/uploads/2020/03/2019_Informe-Publico_Cerquality.pdf
286,Cataratas do Iguacu Produtos Organicos Ltda - Gebana Brasil,Brazil ,2019,https://responsiblesoy.org/wp-content/uploads/2020/03/2019_Informe-Publico_Cataratas-do-Iguacu-Produtos-Organicos-Ltda-Gebana-Brasil-1.pdf
287,Caldenes S.A,Argentina ,2019,https://responsiblesoy.org/wp-content/uploads/2020/03/2019_Informe-Publico_Caldenes-S.A..pdf
288,Bom Jesus Agropecuaria LTDA Fazenda Mirandopolis,Brazil ,2019,https://responsiblesoy.org/wp-content/uploads/2020/03/2019_Informe-Publico_Bom-Jesus-Agropecuaria-LTDA-Fazenda-Mirandopolis.pdf
289,Associação Amigos da Terra II 2019,Brazil ,2019,https://responsiblesoy.org/wp-content/uploads/2020/03/2019_Informe-Publico_Associação-Amigos-da-Terra-II.pdf
290,Amaggi EU RED 2,Brazil ,2019,https://responsiblesoy.org/wp-content/uploads/2020/03/2019_Informe-Publico_Amaggi-EU-RED-2.pdf
291,Amaggi Commodities,Brazil ,2019,https://responsiblesoy.org/wp-content/uploads/2020/03/2019_Informe-Publico_Amaggi-Commodities.pdf
292,Amaggi Commodities EU RED,Brazil ,2019,https://responsiblesoy.org/wp-content/uploads/2020/03/2019_Informe-Publico_Amaggi-Commodities-EU-RED.pdf
293,Alianca da Terra Grupo IV,Brazil ,2019,https://responsiblesoy.org/wp-content/uploads/2020/03/2019_Informe-Publico_Alianca-da-Terra-Grupo-IV.pdf
294,Agrosoy,Paraguay ,2019,https://responsiblesoy.org/wp-content/uploads/2020/03/2019_Informe-Publico_Agrosoy-1.pdf
295,Agroalas SRL 2019,Argentina ,2019,https://responsiblesoy.org/wp-content/uploads/2020/03/2019_Informe-Publico_Agroalas-SRL.pdf
296,Agricola Magdalena,Argentina ,2019,https://responsiblesoy.org/wp-content/uploads/2020/03/2019_Informe-Publico_Agricola-Magdalena-1.pdf
297,Administración Enrique Duhau,Argentina ,2019,https://responsiblesoy.org/wp-content/uploads/2020/03/2019_Informe-Publico_Administracion-Enrique-Duhau-1.pdf
298,Garmat S.A,Argentina ,2019,https://responsiblesoy.org/wp-content/uploads/2020/03/2019_Informe-Publico_-Garmat.pdf
299,Desarrollo Agricola del Paraguay - DAP,Paraguay ,2019,https://responsiblesoy.org/wp-content/uploads/2020/03/2019_Informe-Publico_-Desarrollo-Agricola-del-Paraguay.pdf
300,Aceitera General Deheza,Argentina ,2019,https://responsiblesoy.org/wp-content/uploads/2020/03/2019_Informe-Publico_-Aceitera-General-Deheza-1.pdf
301,Adeco Agropecuaria S.A.,Argentina ,2019,https://responsiblesoy.org/wp-content/uploads/2020/03/2019_-Informe-Publico_Adeco-Agropecuaria-S.A.-1.pdf
302,Agriland Investments S.A.,Argentina ,2019,https://responsiblesoy.org/wp-content/uploads/2020/03/2019_-Informe-Publico_-Agriland-Investments-SA.pdf
303,Zubiarrube 2018,Argentina ,2018,https://responsiblesoy.org/wp-content/uploads/2020/03/2018_Informe-Publico_Zubiaurre-1.pdf
304,Terra Santa Agro 2018,Brazil ,2018,https://responsiblesoy.org/wp-content/uploads/2020/03/2018_Informe-Publico_Terra-Santa-Agro.pdf
305,San José del Oeste S.A.,Argentina ,2018,https://responsiblesoy.org/wp-content/uploads/2020/03/2018_Informe-Publico_San-Jose-del-Oeste-1.pdf
306,Pradoten S.A 2018,Uruguay ,2018,https://responsiblesoy.org/wp-content/uploads/2020/03/2018_Informe-Publico_Pradoten-SA.pdf
307,Nogalnotte S.A,Argentina ,2018,https://responsiblesoy.org/wp-content/uploads/2020/03/2018_Informe-Publico_Nogalnotte.pdf
308,Monte Ovejero SCA,Argentina ,2018,https://responsiblesoy.org/wp-content/uploads/2020/03/2018_Informe-Publico_Monte-Ovejero-SCA-1.pdf
309,Kiñewen,Argentina ,2018,https://responsiblesoy.org/wp-content/uploads/2020/03/2018_Informe-Publico_Kiñewen.pdf
310,Kimex,Paraguay ,2018,https://responsiblesoy.org/wp-content/uploads/2020/03/2018_Informe-publico_Kimex-2.pdf
311,Grupo Reinhofer,Brazil ,2018,https://responsiblesoy.org/wp-content/uploads/2020/03/2018_Informe-Publico_Grupo-Reinhofer-1.pdf
312,Francisco Sellart 2018,Argentina ,2018,https://responsiblesoy.org/wp-content/uploads/2020/03/2018_Informe-Publico_Francisco-Sellart.pdf
313,Ferbuel,Argentina ,2018,https://responsiblesoy.org/wp-content/uploads/2020/03/2018_Informe-Publico_Ferbuel-3.pdf
314,Fazenda Agricola Dourado S.A 2018,Brazil ,2018,https://responsiblesoy.org/wp-content/uploads/2020/03/2018_Informe-Publico_Fazenda-Agricola-Dourado-SA.pdf
315,Don Pio SRL,Argentina ,2018,https://responsiblesoy.org/wp-content/uploads/2020/03/2018_Informe-Publico_Don-Pio-SRL.pdf
316,CerQualiti Grupo III 2018,Brazil ,2018,https://responsiblesoy.org/wp-content/uploads/2020/03/2018_Informe-Publico_Cerquality-Grupo-II.pdf
317,Associação Amigos da Terra - Grupo III,Brazil ,2018,https://responsiblesoy.org/wp-content/uploads/2020/03/2018_Informe-Publico_Associação-Amigos-da-Terra-Grupo-III.pdf
318,Arvind Limited,India ,2018,https://responsiblesoy.org/wp-content/uploads/2020/03/2018_Informe-Publico_Arvind-Limited.pdf
319,Amaggi Commodities,Brazil ,2018,https://responsiblesoy.org/wp-content/uploads/2020/03/2018_Informe-Publico_Amaggi-Commodities.pdf
320,Amaggi Commodities EU RED,Brazil ,2018,https://responsiblesoy.org/wp-content/uploads/2020/03/2018_Informe-Publico_Amaggi-Commodities-EU-RED.pdf
321,Cataratas do Iguacu Produtos Organicos Ltda - Gebana Paraguai - 2020,Paraguay ,2020,https://responsiblesoy.org/wp-content/uploads/2020/03/2020_Informe-Publico_-Cataratas-do-Iguacu-Produtos-Organicos-Ltda-Gebana-Paraguai-2.pdf
322,FAPCEN Grupo III,Brazil ,2020,https://responsiblesoy.org/wp-content/uploads/2020/03/2020_Informe-Publico_FAPCEN-Grupo-III-2.pdf
323,The Delong Co - 2018,United States ,2018,https://responsiblesoy.org/wp-content/uploads/2020/03/2018_Informe-Publico_-The-Delong-Co-3.pdf
