,Organization,Names,Year,Links,RegTag,Companies,Total_Production,Issue_Date,Expiration_Date,Total_Farm_Area,n_members,Type,1_1_criteria,1_2_criteria,1_3_criteria,2_1_criteria,2_2_criteria,2_3_criteria,2_4_criteria,2_5_criteria,3_1_criteria,3_2_criteria,3_3_criteria,3_4_criteria,4_1_criteria,4_2_criteria,4_3_criteria,4_4_criteria,4_5_criteria,5_1_criteria,5_2_criteria,5_3_criteria,5_4_criteria,5_5_criteria,5_6_criteria,5_7_criteria,5_8_criteria,5_9_criteria,5_10_criteria,5_11_criteria,score_per_enterprise,Yield,cluster
0,Cataratas do Iguaçu Produtos Orgânicos,Cataratas do Iguaçu Produtos Orgânicos LTDA - Fazenda Santa Barbara,2022,https://responsiblesoy.org/wp-content/uploads/2023/04/Relatorio-Resumo-Publico-RTRS-3.pdf,FCID RTRS 2065 376,FoodChain Id Certificadora Ltda,1207.0,28/10/22,27/10/22,664.1,1,Individual,1,2,1,-2,2,1,2,-2,2,-2,-2,-2,2,-2,2,2,1,0,1,1,-2,-2,-2,0,-2,1,0,-2,-2,1.8174973648546906,2
1,Fundação de Apoio à Pesquisa do Corredor de Exportação Norte Irineu Alcides Bays,Fundação de Apoio à Pesquisa do Corredor de Exportação Norte “Irineu Alcides Bays” - Fapcen Grupo 4,2022,https://responsiblesoy.org/wp-content/uploads/2023/04/2022-Fapcen-G4-Public-Summary-initial-1.pdf,RTRS CUC AGR COC 0110,Control Union,220845.0,31/03/23,30/03/28,46596.0,3,Group,-1,1,1,-2,1,0,-2,-2,-2,-2,-2,1,1,2,1,-2,-2,1,-2,0,0,-2,-2,1,0,-2,1,-2,-15,4.739569920164821,1
2,Fazenda Santa Cruz,Fazenda Santa Cruz,2023,https://responsiblesoy.org/wp-content/uploads/2023/04/GC-FORM-IT-016-06-Relatorio-Resumo-Publico_Santa-Cruz_2023.pdf,RTRS GC FORM IT 016,Gênesis Certificações,333.0,06/05/22,06/05/27,118.0,1,Individual,1,1,1,-2,-2,1,-1,-2,1,-2,1,1,1,1,1,1,1,1,-2,1,1,-2,-2,1,1,-1,0,-2,-2,2.8220338983050848,2
3,Serra da Pintura,Serra da Pintura,2023,https://responsiblesoy.org/wp-content/uploads/2023/03/Relatorio-de-Resumo-Publico-Programa-de-Certificacao-RTRS-Weimar-M-Amorim-Faz-Serra-da-Pintura-1.pdf,RTRS FCID AGR 2167,FoodChain Id Certificadora Ltda,9104.4,09/03/23,08/03/28,2529.0,1,Individual,1,-2,0,-2,1,1,-2,-2,1,1,-2,-2,1,1,1,1,-2,1,-2,1,-2,-2,-2,-2,-2,0,1,-2,-17,3.5999999999999996,1
4,Tecnosol Consultoria Rural,Tecnosol Consultoria Rural LTDA,2022,https://responsiblesoy.org/wp-content/uploads/2023/03/Relatorio-de-Resumo-Publico-Programa-de-Certificacao-RTRS-2.pdf,RTRS FCID AGR 2101,FoodChain Id Certificadora Ltda,29293.0,20/02/23,19/02/28,7753.0,11,Group,1,2,-2,-2,-2,1,2,-2,1,-2,-2,-2,2,-2,1,1,2,0,-2,2,-2,-2,-2,0,-2,0,0,-2,-14,3.7782793757255257,1
5,Agropecuaria Andrade,Agropecuaria Andrade,2022,https://responsiblesoy.org/wp-content/uploads/2023/02/GC-FORM-IT-016-06-Relatorio-Resumo-Publico_r3-Agropecuaria-Andrade-5.pdf,RTRS GC FORM IT 016,Gênesis Certificações,3171.0,15/12/22,15/12/27,6247.46,4,Multi-Site,1,1,1,-2,2,-2,1,-2,1,-2,1,0,1,1,-2,1,1,0,0,1,-2,0,0,1,0,-1,0,-2,-2,0.5075662749341332,2
6,GGF Agro,GGF Agro LTDA,2022,https://responsiblesoy.org/wp-content/uploads/2023/02/2022-GGF-Agro-Public-Summary-3-surveillance-2.pdf,RTRS CUC AGR 0071 18 12 2019,Control Union,27251.5,18/12/19,17/12/24,6924.0,1,Individual,1,2,1,-2,1,2,0,1,2,-2,-2,1,1,-2,1,0,0,1,1,1,1,1,-2,1,1,1,0,-2,8,3.935803004043905,0
7,Archer-Daniels-Midland Company (ADM),ADM do Brasil -Grupo Mato Grosso do Sul,2022,https://responsiblesoy.org/wp-content/uploads/2023/02/2022-ADM-Grupo-MS-Public-Summary-Initial.pdf,RTRS CUC AGR COC 0107,Control Union,47332.9,27/01/23,26/01/28,11801.0,9,Group,-2,-2,1,-2,1,1,-2,-2,1,-2,2,1,1,1,1,1,1,1,1,1,1,0,-2,2,1,1,1,-2,7,4.010922803152275,0
8,Cerquality Consultoria em Sustentabilidade e Certificação,Cerquality Consultoria em Sustentabilidade e Certificação LTDA Grupo I,2022,https://responsiblesoy.org/wp-content/uploads/2023/02/2022-Public-Sumarry-Cerquality-G1-surveillance-1.pdf,RTRS CUC AGR COC 0048,Control Union,555447.56,01/03/21,28/02/26,147379.87,34,Group,1,1,1,-2,1,1,0,0,-2,1,2,2,1,1,1,0,1,1,1,1,1,1,-2,1,1,1,1,-2,14,3.7688156462615963,0
9,Cerquality Consultoria em Sustentabilidade e Certificação,Cerquality Consultoria em Sustentabilidade e Certificação LTDA - Grupo IV,2022,https://responsiblesoy.org/wp-content/uploads/2023/01/2022_Informe-Publico_CerQuality-IV-2.pdf,RTRS CUC AGR COC 0104,Control Union,196369.17,18/08/22,17/08/27,50732.3,12,Group,1,1,0,-2,1,1,-2,1,-2,-2,2,2,1,1,1,1,1,1,-1,1,1,-2,-2,1,1,-2,2,-2,3,3.870693226997396,2
10,GMS Agronegócio ,GMS Agronegócio Ltda,2022,https://responsiblesoy.org/wp-content/uploads/2023/01/2022-Resumo-Publico-GMS-Agro.pdf,RTRS CUC AGR COC 0088,Control Union,29631.0,28/12/20,27/12/25,6404.89,1,Individual,1,1,1,1,1,1,-2,-2,1,0,1,1,1,1,2,-2,-2,1,1,1,1,1,-2,1,1,0,0,1,10,4.626308960809631,0
11,Produzindo Certo Grupo Castrolanda,Produzindo Certo – Grupo Castrolanda II,2022,https://responsiblesoy.org/wp-content/uploads/2022/12/Castrolanda-II-Relatorio-de-Resumo-Publico-2022-1.pdf,RTRS FCID AGR 10713,FoodChain Id Certificadora Ltda,5378.8,20/12/22,20/12/27,1189.5,4,Group,1,-2,0,-2,1,1,-2,-2,1,1,-2,1,1,1,1,0,1,1,-2,1,1,0,-2,0,1,1,1,1,2,4.521899957965532,2
12,Produzindo Certo Grupo Castrolanda,Produzindo Certo–Grupo Castrolanda,2022,https://responsiblesoy.org/wp-content/uploads/2022/12/Castrolanda-Relatorio-Resumo-Publico-RTRS-2022-2.pdf,RTRS FCID AGR COC 0023,FoodChain Id Certificadora Ltda,4382.4,25/10/21,24/10/21,1127.4,2,Group,0,-2,-1,-2,0,1,-2,-2,1,0,-2,0,1,0,1,0,1,1,-2,1,1,0,-2,0,1,1,1,-2,-6,3.88717402873869,2
13,Girassol Agrícola,Girassol Agrícola Ltda,2022,https://responsiblesoy.org/wp-content/uploads/2022/12/2022-Resumo-Publico-Girassol-Agricola.pdf,RTRS CUC AGR COC 0086,Control Union,16392.85,04/09/20,20/12/25,3604.0,1,Individual,1,1,1,1,1,1,-2,1,1,0,1,1,1,1,2,-2,0,1,1,1,1,1,-2,1,1,0,0,1,15,4.548515538290788,0
14,Fazenda Modelo,Fazenda Modelo (Eswalter Zanetti e Outros),2022,https://responsiblesoy.org/wp-content/uploads/2022/12/2022-875207-Public-Summary-2-surveillance-Fazenda-modelo.pdf,RTRS CUC AGR COC 0084,Control Union,7511.76,14/12/20,13/12/25,1972.37,1,Individual,1,1,1,1,1,1,-2,1,1,0,1,1,1,1,2,-2,-1,1,1,1,1,1,-2,1,1,0,0,1,14,3.808494349437479,0
15,Agropastoril Jotabasso,Agropastoril Jotabasso Ltda-Fazenda Verde,2022,https://responsiblesoy.org/wp-content/uploads/2022/12/2022-875353-Public-Summary-2-surveillance-1.pdf,RTRS CUC AGR COC 0087,Control Union,30608.7,23/12/20,22/12/25,7500.0,1,Individual,1,1,1,1,1,1,-2,-2,1,0,-2,1,1,1,2,-2,-1,1,1,1,1,1,-2,1,1,0,0,1,8,4.08116,0
16,Amaggi,Amaggi Exp Imp Ltda–Grupo III,2022,https://responsiblesoy.org/wp-content/uploads/2023/02/Relatorio-de-Resumo-Publico-Programa-de-Certificacao-RTRS-Prod-Amaggi-Parecis-III-2022_Revisado.pdf,RTRS FCID AGR COC 0026,FoodChain Id Certificadora Ltda,526415.0,26/11/21,25/11/26,150223.09,29,Group,1,1,1,-2,1,1,-2,-2,2,0,1,1,1,-2,2,1,-2,1,-2,1,1,1,-2,1,1,1,-2,-2,1,3.504221621323327,2
17,Aliança da Terra,Aliança da Terra Grupo IV,2022,https://responsiblesoy.org/wp-content/uploads/2022/12/FORM-IT-004-05R04-Relatorio-de-Resumo-Publico-Programa-de-Certificacao-RTRS-Alianca-da-Terra-IV-2022.pdf,RTRS FCID AGR COC 0022,FoodChain Id Certificadora Ltda,237309.7,02/07/21,05/04/26,56182.1,33,Group,0,2,1,-2,1,0,-2,-2,1,1,0,0,1,-2,1,0,1,0,-2,1,1,-2,-2,2,-2,-1,0,2,-2,4.223937873450797,2
18,Grupo Hervalense,Grupo Hervalense,2022,https://responsiblesoy.org/wp-content/uploads/2022/12/2022-Resumo-Publico-Grupo-Hervalense-1.pdf,RTRS CUC AGR COC 0085,Control Union,90656.08,18/12/20,17/12/25,23709.33,3,Group,1,1,1,1,1,1,-2,-2,1,0,1,1,1,1,1,1,1,1,1,1,1,1,-2,1,1,0,1,1,16,3.8236457968234445,0
19,Grupo de Produtores CJ Selecta,Grupo de Produtores CJ Selecta,2022,https://responsiblesoy.org/wp-content/uploads/2022/11/Relatorio-de-Resumo-Publico-Programa-de-Certificacao-RTRS_CJ-Selecta-RF-CD-1.pdf,FCID RTRS 281 209,FoodChain Id Certificadora Ltda,95623.68,31/10/22,30/10/27,24916.0,9,Group,-1,1,0,-2,0,1,-2,-2,1,1,-2,0,1,1,2,0,1,1,-2,1,2,-2,-2,0,1,1,1,-2,0,3.837842350296998,2
20,Wellington Pereira Lima - Gebana Goias,Wellington Pereira Lima - Gebana Goias,2022,https://responsiblesoy.org/wp-content/uploads/2022/11/2022-Resumo-Publico-Wellington-Gebana-Goias-1.pdf,RTRS CUC AGR COC NGMO 0106,Control Union,1080.0,26/10/22,25/10/27,754.0,1,Individual,1,-2,1,-2,1,1,-2,-2,1,-2,1,1,1,0,1,-2,0,1,1,1,1,-2,-2,-2,-2,1,1,-2,-8,1.4323607427055702,2
21,Saag Comercial Exportadora ,Saag Comercial Exportadora Ltda – No-GMO,2022,https://responsiblesoy.org/wp-content/uploads/2022/11/2022-SAAG-PRJ-827897-Public-summary-4-monitoramento.pdf,RTRS CUC AGR COC NGMO 0020,Control Union,35088.87,11/06/18,10/06/23,11696.29,9,Group,1,2,1,-2,1,1,0,0,1,-2,1,1,1,1,1,0,1,1,0,1,-2,1,-2,-2,0,1,2,-2,6,3.0,0
22,SLC Agrícola,SLC Agrícola S.A.,2022,https://responsiblesoy.org/wp-content/uploads/2022/11/GC-FORM-IT-016-06-Relatorio-Resumo-Publico_SLC-20-10-2022-1.pdf,RTRS GC FORM IT 016,Gênesis Certificações,723435.47,23/09/21,23/09/26,179551.46,10,Multi-Site,1,1,1,-2,-2,-2,1,-2,1,-1,1,1,1,-2,1,1,1,1,0,1,-2,-2,-2,1,1,-1,0,1,-3,4.029126078952519,2
23,Archer-Daniels-Midland Company (ADM),ADM do Brasil - Fazenda Perdigão,2022,https://responsiblesoy.org/wp-content/uploads/2022/11/2022-Resumo-Publico-Fazenda-Perdigao.pdf,RTRS CUC AGR COC 0105,Control Union,6421.0,20/09/22,15/09/27,1318.0,1,Individual,1,1,1,-2,1,1,-2,-2,2,-2,2,-2,1,1,1,0,2,1,-2,1,0,-2,-2,-2,1,1,2,-2,-1,4.871775417298938,2
24,Louis Dreyfus Company ,Louis Dreyfus Company – Bom Futuro Agrícola LTDA,2022,https://responsiblesoy.org/wp-content/uploads/2022/11/Relatorio-Resumo-Publico-RTRS_LDC.pdf,FCID RTRS 1175 2,FoodChain Id Certificadora Ltda,707676.0,05/10/22,04/10/22,159722.0,4,Group,1,2,0,-2,2,1,2,-2,2,-2,-2,-2,2,-2,2,1,2,0,-2,2,-2,-2,-2,0,-2,1,0,-2,-5,4.430673294849801,2
25,Associação Clube Amigos da Terra ,Associação Clube Amigos da Terra – CAT Sorriso,2022,https://responsiblesoy.org/wp-content/uploads/2022/10/Relatorio-Resumo-Publico-RTRS_Grupo-CAT-Sorriso_2022-1.pdf,FCID RTRS 1069 293,FoodChain Id Certificadora Ltda,236960.1,05/11/21,04/11/26,65286.0,20,Group,1,2,0,-2,-2,0,-2,-2,2,-2,1,1,1,-2,2,0,1,1,-2,1,0,-2,-2,2,1,1,-2,2,-2,3.6295698924731186,2
26,SLC Agrícola,SLC Agricola S.A. - Group II Terra Santa,2022,https://responsiblesoy.org/wp-content/uploads/2022/10/GC-FORM-IT-016-06-Relatorio-Resumo-Publico_Terra-Santa_SLC-4.pdf,RTRS GC FORM IT 016,Gênesis Certificações,192702.0,14/07/22,14/07/27,53947.0,4,Multi-Site,1,1,1,-2,1,0,1,-2,1,-2,1,0,1,1,1,1,1,1,0,1,1,1,0,1,0,1,1,-2,10,3.572061467736853,0
27,Grupo Reinhofer,Grupo Reinhofer,2022,https://responsiblesoy.org/wp-content/uploads/2022/08/2021_Informe-Publico_Grupo-Reinhofer.pdf,RTRS CUC AGR COC 0069,Control Union,25538.35,08/02/19,07/02/24,6080.56,5,Multi-Site,1,2,1,-2,1,1,-2,0,1,-2,0,1,1,1,1,1,1,1,1,1,1,1,-2,-2,1,0,1,1,10,4.199999671082926,0
28,Cerquality Consultoria em Sustentabilidade e Certificação,Cerquality Consultoria em Sustentabilidade e Certificação LTDA - Grupo IV,2022,https://responsiblesoy.org/wp-content/uploads/2022/09/2022_Informe-Publico_CerQuality-IV.pdf,RTRS CUC AGR COC 0104,Control Union,196369.17,18/08/22,17/08/27,50732.3,8,Group,1,1,0,-2,1,1,-2,1,-2,-2,2,2,1,1,1,1,1,1,-1,1,1,-2,-2,1,1,-2,2,-2,3,3.870693226997396,2
29,Fazenda Pau Furado,Fazenda Pau Furado,2022,https://responsiblesoy.org/wp-content/uploads/2022/09/2022_Informe-Publico_Fazenda-Pau-Furado.pdf,RTRS GC FORM IT 016,Gênesis Certificações,2281.0,07/11/20,07/11/25,633.53,1,Individual,-2,0,1,-2,-2,-2,-2,-2,0,-2,0,1,1,1,1,1,1,1,0,1,1,0,-2,1,1,0,1,-2,-3,3.600460909507048,2
30,Fundação de Apoio à Pesquisa do Corredor de Exportação Norte Irineu Alcides Bays,FAPCEN,2022,https://responsiblesoy.org/wp-content/uploads/2022/09/2022_Informe-Publico_FAPCEN-Grupo-I.pdf,RTRS CUC AGR COC 0047,Control Union,4230.43,27/05/21,26/06/26,100331.09,7,Group,1,1,2,-2,1,1,-2,-1,1,1,1,1,1,1,1,0,1,1,1,1,1,1,-2,1,1,1,1,-2,13,0.04216469690501718,0
32,Bunge,Bunge Alimentos - Grupo de Productores Bunge,2022,https://responsiblesoy.org/wp-content/uploads/2022/07/2022_Informe-Publico_Bunge-Alimentos-S.A-–-Grupo-de-Produtores-Bunge-2.pdf,RTRS FCID AGR COC 0028,FoodChain Id Certificadora Ltda,641737.04,05/07/22,31/03/27,200976.2,24,Group,1,-2,-2,-2,-2,-1,2,-2,-2,-2,-2,0,1,-2,1,1,-2,1,-2,0,-2,-2,-2,-2,-2,-2,0,-2,-31,3.1930996804596763,1
33,Fazenda Pirulito,Inacio Carlos Urban e outros - (Fazenda Pirulito),2022,https://responsiblesoy.org/wp-content/uploads/2022/06/2022_Informe-Publico_Inacio-Carlos-Urban-e-outros-Fazenda-Pirulito.pdf,RTRS CUC AGR COC 0102,Control Union,6421.0,06/06/22,05/06/27,1493.47,1,Individual,1,-2,1,-2,1,1,-2,-2,1,1,1,1,0,1,2,2,1,1,-2,1,1,2,-2,1,1,0,2,-2,8,4.299383315366228,0
34,Fazenda São João Batista,Fazenda São João Batista,2022,https://responsiblesoy.org/wp-content/uploads/2022/06/2022_Informe-Publico_Fazenda-Sao-Joao-Batista.pdf,RTRS GC FORM IT 016,Gênesis Certificações,6951.0,13/05/22,13/05/27,1576.0,1,Individual,1,1,1,-2,-2,1,-2,-2,1,-2,1,0,1,1,1,1,1,1,-2,1,1,-2,0,1,0,-2,1,-2,-3,4.410532994923858,2
35,Fazenda Santa Cruz,Fazenda Santa Cruz,2022,https://responsiblesoy.org/wp-content/uploads/2022/06/2022_Informe-Publico_Fazenda-Santa-Cruz.pdf,RTRS GC FORM IT 016,Gênesis Certificações,371.85,06/05/22,06/05/27,111.95,1,Individual,1,1,1,-2,-2,1,-1,-2,1,-2,1,1,1,1,1,1,1,0,-2,1,1,-2,-2,1,1,-1,0,-2,-3,3.321572130415364,2
36,Cataratas do Iguaçu Produtos Orgânicos,Cataratas do Iguaçu Produtos Orgânicos- Ltda – Gebana Brasil (Grupo Filipini),2022,https://responsiblesoy.org/wp-content/uploads/2022/06/2022_Informe-Publico_Cataratas-do-Iguacu-Produtos-Organicos-Ltda-–-Gebana-Brasil-Grupo-Filipini.pdf,RTRS CUC AGR COC NGMO 0101,Control Union,102.8,25/05/22,24/05/27,107.0,2,Group,1,0,1,-2,-2,0,2,0,2,1,-2,1,1,-2,1,1,1,1,-2,1,1,-2,-2,1,1,-2,-1,0,-1,0.9607476635514018,2
37,AgroSB,AgroSB Agropecuária S.A.,2022,https://responsiblesoy.org/wp-content/uploads/2022/05/2022_Informe-Publico_AgroSB-Agropecuaria-S.A..pdf,RTRS CUC AGR COC 0075,Control Union,2321.0,13/02/20,12/02/25,697.0,1,Individual,1,1,1,-2,1,1,-2,0,2,1,2,1,1,-2,1,-2,2,1,-2,1,-2,-2,-2,1,1,1,-1,-2,0,3.3299856527977045,2
38,Amaggi,Amaggi Commodities EU RED,2022,https://responsiblesoy.org/wp-content/uploads/2022/05/2022_Informe-Publico_Amaggi-EU-RED-Commodities.pdf,RTRS CERTID AGR COC BFLS 0009,Cert Id Certificadora,104787.9,28/11/17,27/11/22,31232.0,25,Group,1,1,1,-2,2,2,-2,-2,2,-2,1,2,1,0,0,-2,-2,1,1,1,-1,0,-2,-2,-2,1,1,2,0,3.355145363729508,2
39,Louis Dreyfus Company ,Louis Dreyfus Company - LDC Sorriso,2022,https://responsiblesoy.org/wp-content/uploads/2022/05/2022_Informe-Publico_Louis-Dreyfus-Company-LDC-Sorriso.pdf,RTRS FCID AGR COC BFLS 0017,FoodChain Id Certificadora Ltda,239692.0,23/12/19,22/12/24,66349.0,3,Group,1,2,-2,-2,-2,0,2,-2,2,-2,-2,-2,-2,-2,1,1,-2,-1,1,2,-2,-2,-2,-2,-2,-2,0,-2,-24,3.612594010459841,1
40,Cataratas do Iguaçu Produtos Orgânicos,Cataratas do Iguaçu Produtos Orgânicos Ltda - Gebana Brasil,2022,https://responsiblesoy.org/wp-content/uploads/2022/04/2022_Informe-Publico_Cataratas-do-Iguacu-Produtos-Organicos-Gebana-Brasil.pdf,RTRS CUC AGR COC NGMO 0073,Control Union,791.25,25/11/19,27/11/19,233.3,15,Group,1,1,0,-2,1,-2,-2,-2,-2,-2,1,1,1,-2,1,-2,1,1,-1,1,1,-2,-2,-2,-2,1,-1,-2,-17,3.3915559365623658,1
41,Fazenda Nossa Senhora Aparecida,Fazenda Nossa Senhora Aparecida,2021,https://responsiblesoy.org/wp-content/uploads/2022/03/2021_Informe-Publico_Fazenda-Nossa-Senhora-Aparecida.pdf,RTRS CUC AGR 0060,Control Union,7469.0,13/03/18,12/03/23,1556.0,1,Individual,1,-2,2,-2,1,1,1,1,1,-2,1,1,1,1,2,-2,0,1,1,1,1,1,-2,1,1,1,1,1,13,4.8001285347043705,0
42,Amaggi,Amaggi Exp. e Imp. Ltda – Grupo Parecis II,2021,https://responsiblesoy.org/wp-content/uploads/2022/02/2021_Informe-Publico_Amaggi-Exp-Imp-Ltda–Grupo-Parecis-II-EU-REDII-.pdf,RTRS FCID AGR COC 0026,FoodChain Id Certificadora Ltda,235753.4,26/11/21,25/11/26,60805.0,14,Group,0,1,1,-2,1,1,-2,-2,2,0,1,1,1,-2,2,1,-2,1,-2,1,1,1,-2,1,1,1,-2,-2,1,3.8772041772880517,2
43,Bom Jesus Agropecuaria ,Bom Jesus Agropecuaria LTDA - Fazenda Mirandópolis,2021,https://responsiblesoy.org/wp-content/uploads/2022/01/2021_Informe-Publico_Bom-Jesus-Agropecuaria-Ltda-Fazenda-Mirandopolis.pdf,RTRS CUC AGR COC 0070,Control Union,34039.0,21/08/19,20/08/24,10720.0,1,Individual,1,2,1,-2,1,1,-2,1,1,-2,2,1,1,1,1,1,1,1,1,1,2,1,-2,1,1,1,0,-2,14,3.1752798507462687,0
44,Fazenda Lagoa Dourada,Fazenda Lagoa Dourada,2021,https://responsiblesoy.org/wp-content/uploads/2022/01/2021_Informe-Publico_Fazenda-Lagoa-Dourada.pdf,RTRS CUC AGR COC 0083,Control Union,6393.0,14/12/20,13/12/25,1480.0,1,Individual,1,1,1,1,1,1,-2,-2,1,0,1,1,1,1,2,-2,-1,1,1,1,1,1,-2,1,1,0,0,1,11,4.319594594594594,0
45,Cresol Estrada de Ferro,CRESOL - Estrada de Ferro,2021,https://responsiblesoy.org/wp-content/uploads/2022/01/2021_Informe-Publico_CRESOL-Estrada-de-Ferro.pdf,RTRS CERTID AGR COC 0005,Cert Id Certificadora,30125.0,13/07/17,12/07/22,8469.58,15,Group,1,0,-2,-2,-2,-1,-2,-2,1,-2,0,2,-2,-2,1,-2,-2,1,-2,1,-1,-2,-2,-1,1,-2,-1,-2,-27,3.5568469747024056,1
46,Grupo Hervalense,Grupo Hervalense,2021,https://responsiblesoy.org/wp-content/uploads/2022/01/2021_Informe-Publico_Grupo-Hervalense.pdf,RTRS CUC AGR COC 0085,Control Union,90656.08,18/12/20,17/12/25,23709.33,3,Group,1,1,1,1,1,1,-2,-2,1,0,1,1,1,1,1,1,1,1,1,1,1,1,-2,1,1,0,1,1,16,3.8236457968234445,0
47,GGF Agro,GGF - Agro LTDA,2021,https://responsiblesoy.org/wp-content/uploads/2022/01/2021_Informe-Publico_GGF-Agro-LTDA.pdf,RTRS CUC AGR COC 0071,Control Union,27251.5,18/12/19,17/12/24,6924.0,1,Individual,1,2,1,-2,1,1,0,1,1,-2,1,1,1,1,1,1,1,1,1,1,2,1,-2,1,1,1,0,-2,15,3.935803004043905,0
48,Fazenda Modelo,Fazenda Modelo (Eswalter Zanetti e Outros),2021,https://responsiblesoy.org/wp-content/uploads/2022/01/2021_Informe-Publico_Fazenda-Modelo.pdf,RTRS CUC AGR COC 0084,Control Union,3808.0,14/12/20,13/12/25,1972.37,1,Individual,1,1,1,1,1,1,-2,1,1,0,1,1,1,1,2,-2,-1,1,1,1,1,1,-2,1,1,0,0,1,14,1.930672236953513,0
49,O Telhar Agropecuária ,O Telhar Agropecuária LTDA,2021,https://responsiblesoy.org/wp-content/uploads/2022/01/2021_Informe-Publico_O-Telhar-Agropecuaria-Ltda..pdf,RTRS CUC AGR COC 0062,Control Union,54609.71,27/03/18,26/03/23,17856.0,2,Multi-Site,1,2,-2,-2,1,1,0,1,2,1,1,2,-1,-1,1,-2,1,1,2,1,2,-2,-2,1,1,1,1,-2,9,3.0583394937275985,0
50,Girassol Agrícola,Girassol Agrícola Ltda,2021,https://responsiblesoy.org/wp-content/uploads/2021/12/2021_Informe-Publico_Fazenda-Girassol.pdf,RTRS CUC AGR COC 0086,Control Union,4544.74,21/12/20,21/12/25,3604.0,1,Individual,1,1,1,1,1,1,-2,1,1,0,1,1,1,1,2,-2,0,1,1,1,1,1,-2,1,1,0,0,1,15,1.2610266370699224,0
51,Agropastoril Jatobasso,Fazenda Verde Agropastoril Jatobasso Ltda,2021,https://responsiblesoy.org/wp-content/uploads/2021/12/2021_Informe-Publico_Agropastoril-Jotabasso-Ltda.-Fazenda-Verde.pdf,RTRS CUC AGR COC 0087,Control Union,30608.7,23/12/20,22/12/25,7500.0,1,Individual,1,1,1,1,1,1,-2,-2,1,0,-2,1,1,1,2,-2,-1,1,1,1,1,0,-2,1,1,0,0,1,7,4.08116,0
52,Agrex do Brasil,Agrex do Brasil S.A.,2021,https://responsiblesoy.org/wp-content/uploads/2021/12/2021_Informe-Publico_Agrex-do-Brasil-S.A..pdf,RTRS BV AGR CoC 0008,Bureau Veritas,67922.0,28/07/20,27/07/23,19393.0,5,Multi-Site,1,1,1,-2,1,1,-2,-2,1,-2,1,1,1,-2,1,0,-2,1,1,1,1,-2,-2,-2,-2,1,1,-2,-7,3.5023977723921003,2
53,Amaggi,Amaggi Exp Imp Ltda – Grupo Parecis II,2021,https://responsiblesoy.org/wp-content/uploads/2021/12/2021_Informe-Publico_Amaggi-Exp-Imp-Ltda–Grupo-Parecis-II.pdf,RTRS FCID AGR COC 0026,FoodChain Id Certificadora Ltda,235753.4,26/11/21,25/11/26,60805.0,14,Group,0,1,1,-2,1,1,-2,-2,2,0,1,1,1,-2,2,1,-2,1,-2,1,2,1,-2,1,1,1,-2,-2,2,3.8772041772880517,2
54,Produzindo Certo Grupo Castrolanda,Produzindo Certo – Grupo Comigo,2021,https://responsiblesoy.org/wp-content/uploads/2021/11/2021_Informe-Publico_Produzindo-Certo-–-Grupo-Comigo.pdf,RTRS FCID AGR COC 0025,FoodChain Id Certificadora Ltda,22576.32,22/11/21,21/11/26,5876.0,7,Group,-1,-2,1,-2,-2,-2,-2,-2,1,-2,-2,-2,-2,-2,0,0,0,1,0,1,-2,-2,-2,1,1,1,1,-2,-22,3.8421238938053097,1
55,Saag Comercial Exportadora ,Saag Comercial Exportadora Ltda no-GMO,2021,https://responsiblesoy.org/wp-content/uploads/2021/11/2021_Informe-Publico_Saag-Comercial-Exportadora-Ltda..pdf,RTRS CUC AGR COC NGMO 0020,Control Union,35088.87,11/06/18,10/06/23,11696.29,9,Group,1,2,1,-2,1,1,0,-1,1,1,1,-2,1,1,1,0,1,1,0,1,-2,1,-2,-2,0,1,2,-2,5,3.0,2
56,Bartira Agropecuária,Bartira Gestão Agropecuária,2021,https://responsiblesoy.org/wp-content/uploads/2021/11/2021_Informe-Publico_Bartira-Gestao-Agropecuaria.pdf,RTRS CUC AGR COC 0096,Control Union,123763.0,12/11/21,18/07/23,37985.0,7,Multi-Site,-2,1,1,-2,1,1,2,1,1,1,1,1,1,1,1,0,1,1,1,1,1,1,0,-2,1,1,0,1,19,3.258207187047519,0
57,Associação Clube Amigos da Terra ,Associação Clube Amigos da Terra CAT Sorriso,2021,https://responsiblesoy.org/wp-content/uploads/2021/11/2021_-Informe-Publico_-Associacao-Clube-Amigos-da-Terra-CAT-Sorriso.pdf,RTRS FCID AGR COC 0024,FoodChain Id Certificadora Ltda,236960.1,05/11/21,04/11/26,65286.0,20,Group,1,2,0,-2,-2,0,-2,-2,2,-2,1,1,1,-2,2,0,1,1,-2,1,0,-2,-2,2,1,1,-2,2,-2,3.6295698924731186,2
58,Produzindo Certo,Produzindo Certo–Grupo Castrolanda,2021,https://responsiblesoy.org/wp-content/uploads/2021/11/2021_Informe-Publico_Produzindo-Certo-Grupo-Castrolanda.pdf,RTRS FCID AGR COC 0023,FoodChain Id Certificadora Ltda,4382.4,25/10/21,24/10/21,1127.4,2,Group,0,-2,-1,-2,0,1,-2,-2,1,0,-2,0,1,0,1,0,1,1,-2,1,1,0,-2,0,1,1,1,-2,-6,3.88717402873869,2
59,SLC Agrícola,SLC Agrícola,2021,https://responsiblesoy.org/wp-content/uploads/2021/10/2021_Informe-Publico_SLC-Agricola.pdf,RTRS GC FORM IT 016,Gênesis Certificações,478880.03,23/09/21,23/09/26,123907.29,7,Multi-Site,1,1,1,-2,-2,-2,1,1,-2,1,-2,1,0,1,1,1,1,1,1,-2,1,1,-2,0,2,0,-2,1,1,3.8648253060816686,2
60,Bartira Agropecuária,Fazendas Bartira ,2021,https://responsiblesoy.org/wp-content/uploads/2021/09/2021_Informe-Publico_Fazendas-Bartira-no-GMO.pdf,RTRS CUC AGR COC NGMO 0064,Control Union,123763.0,19/07/18,18/07/23,102613.32,7,Multi-Site,-2,1,1,-2,1,1,2,1,1,1,1,1,1,1,1,0,1,1,1,1,1,1,0,-2,1,1,0,1,19,1.2061104737669535,0
61,Bartira Agropecuária,Fazendas Bartira – non-GMO,2021,https://responsiblesoy.org/wp-content/uploads/2021/09/2021_Informe-Publico_Fazendas-Bartira.pdf,RTRS CUC AGR COC NGMO 0064,Control Union,17844.66,19/07/18,18/07/23,2000.0,1,Individual,-2,1,1,-2,1,1,2,1,1,1,1,1,1,1,1,0,1,1,1,1,1,1,0,-2,1,1,0,1,19,8.92233,0
62,Aliança da Terra,Aliança da Terra - Grupo IV,2021,https://responsiblesoy.org/wp-content/uploads/2021/09/2021_Infome-Publico_Alianca-da-Terra-Grupo-IV.pdf,RTRS FCID AGR COC 0022,FoodChain Id Certificadora Ltda,237309.7,02/07/21,01/07/26,56182.1,34,Group,0,2,1,-2,1,0,-2,-2,1,1,0,0,1,-2,1,0,1,0,-2,1,1,-2,-2,2,-2,-1,0,2,-2,4.223937873450797,2
63,Fazenda Agrícola Dourado,Fazenda Agrícola Dourado S.A.,2021,https://responsiblesoy.org/wp-content/uploads/2021/07/2021_Informe-Publico_Fazenda-Agricola-Dourado-S.A..pdf,RTRS CUC AGR COC 0066,Control Union,42480.0,03/12/18,02/12/23,11800.0,1,Individual,1,1,1,-2,1,1,0,0,1,1,2,0,1,1,1,0,0,1,1,1,0,-1,-2,-2,1,0,0,-2,6,3.6,0
64,Amaggi,Amaggi Commodities EU RED,2021,https://responsiblesoy.org/wp-content/uploads/2021/06/2021_Informe-Publico_Amaggi-EU-RED-Commodities.pdf,RTRS CERTID AGR COC BFLS 0009,Cert Id Certificadora,104787.9,28/11/17,27/11/22,31232.0,27,Group,1,1,1,-2,2,2,-2,-2,2,-2,1,2,1,0,0,-2,-2,1,1,1,-1,0,-2,-2,-2,1,1,2,0,3.355145363729508,2
65,Fundação de Apoio à Pesquisa do Corredor de Exportação Norte Irineu Alcides Bays,FAPCEN I,2021,https://responsiblesoy.org/wp-content/uploads/2021/05/2021_Informe-Publico_FAPCEN-Grupo-I.pdf,RTRS CUC AGR COC 0047,Control Union,4230.43,27/05/21,26/05/26,100331.09,7,Group,1,1,2,-2,1,1,-2,-1,1,1,1,1,1,1,1,0,1,1,1,1,1,1,-2,1,1,1,1,-2,13,0.04216469690501718,0
66,Fundação de Apoio à Pesquisa do Corredor de Exportação Norte Irineu Alcides Bays,FAPCEN III,2021,https://responsiblesoy.org/wp-content/uploads/2021/05/2021_Informe-Pubblico_FAPCEN-III.pdf,RTRS CUC AGR COC 0072,Control Union,125279.21,20/01/20,19/01/25,35698.05,6,Group,1,1,1,-2,1,1,0,0,1,1,1,1,1,1,1,-2,1,1,1,1,1,1,-2,1,1,1,1,-2,13,3.509413259267663,0
67,Cataratas do Iguaçu Produtos Orgânicos,Cataratas do Iguaçu Produtos Orgânicos Ltda - Gebana Brasil,2021,https://responsiblesoy.org/wp-content/uploads/2021/04/2021_Informe-Publico_Cataratas-do-Iguazu-Productos-Organicos-Ltda-Gebana-Brasil.pdf,RTRS CUC AGR COC NGMO 0073,Control Union,791.25,27/01/20,26/01/25,233.3,15,Group,1,1,0,-2,1,-2,-2,-2,-2,-2,1,1,1,-2,1,-2,1,1,-1,1,1,-2,-2,-2,-2,1,-1,-2,-17,3.3915559365623658,1
68,AgroSB,AgroSB Agropecuária S.A.,2021,https://responsiblesoy.org/wp-content/uploads/2021/03/2021_Informe-Publico_AgroSB-Agropecuaria-S.A..pdf,RTRS CUC AGR COC 0075,Control Union,2321.0,13/02/20,12/02/25,697.0,1,Individual,1,-2,-2,-2,2,1,-2,-2,2,-2,-2,1,-2,0,1,-2,-2,-2,0,1,1,-2,-2,1,1,-2,-1,-2,-20,3.3299856527977045,1
69,AgroSB,AgroSB Agropecuária S.A.,2020,https://responsiblesoy.org/wp-content/uploads/2021/03/2020_Informe-Publico_AgroSB-Agropecuaria-S.A..pdf,RTRS CUC AGR COC 0075,Control Union,2448.59,13/02/20,12/02/25,671.56,1,Individual,1,-2,-2,-2,2,1,-2,-2,2,-2,-2,1,-2,0,1,-2,-2,-2,0,1,1,-2,-2,1,1,-2,-1,-2,-20,3.646122461135268,1
70,Agrex do Brasil,Agrex do Brasil S.A.,2020,https://responsiblesoy.org/wp-content/uploads/2021/03/2020_Informe-Publico_Agrex-do-Brasil-S.A.-2.pdf,RTRS BV AGR CoC 0008,Bureau Veritas,58922.0,26/02/21,27/07/23,17696.0,5,Multi-Site,1,-2,1,-2,1,1,1,-2,-2,-2,-2,1,1,1,1,-2,-1,1,-2,1,1,1,-2,-2,-2,-2,1,2,-10,3.3296790235081373,2
71,Cerquality Consultoria em Sustentabilidade e Certificação,Cerquality Consultoria em Sustentabilidade e Certificação LTDA Grupo I,2021,https://responsiblesoy.org/wp-content/uploads/2021/03/2021_Informe-Publico_Cerquality-Consultoria-em-Sustentabilidade-e-Certificacao-LTDA-ME-Grupo-I.pdf,RTRS CUC AGR COC 0048,Control Union,463009.52,01/03/21,28/02/26,150046.8,34,Group,1,1,1,-2,1,1,0,0,-2,1,2,2,1,1,1,0,1,1,1,1,1,1,-2,1,1,1,1,-2,14,3.085767373912673,0
72,Cerquality Consultoria em Sustentabilidade e Certificação,Cerquality Consultoria em Sustentabilidade e Certificação LTDA Grupo I,2021,https://responsiblesoy.org/wp-content/uploads/2021/07/2021_Informe-Publico_Cerquality-Consultoria-em-Sustentabilidade-e-Certificacao-LTDA-ME-Grupo-I-real.pdf,RTRS CUC AGR COC 0048,Control Union,555447.56,01/03/21,28/02/26,147379.87,34,Group,1,1,1,-2,1,1,0,0,-2,1,2,2,1,1,1,0,1,1,1,1,1,1,-2,1,1,1,1,-2,14,3.7688156462615963,0
73,Fazenda Nossa Senhora Aparecida,Fazenda Nossa Senhora Aparecida,2020,https://responsiblesoy.org/wp-content/uploads/2021/03/2020_Informe-Publico_Fazenda-Nossa-Senhora-Aparecida.pdf,RTRS CUC AGR 0060 13 03 2018,Control Union,7469.0,13/03/18,12/03/23,1556.0,1,Individual,-2,2,1,-2,1,1,0,1,1,-2,1,1,1,1,-2,1,-2,1,2,1,2,0,-2,1,1,1,0,-2,9,4.8001285347043705,0
74,Louis Dreyfus Company ,Louis Dreyfus Company - LDC Sorriso,2020,https://responsiblesoy.org/wp-content/uploads/2021/02/2020_Informe-Publico_LDC.pdf,RTRS FCID AGR COC BFLS 0017,FoodChain Id Certificadora Ltda,239692.0,23/12/19,22/12/24,66349.0,14,Group,1,2,-2,-2,-2,0,2,-2,2,-2,-2,-2,-2,-2,1,1,-2,-1,1,2,-2,-2,-2,-2,-2,-2,0,-2,-24,3.612594010459841,1
75,Fazenda Uirapuru,Fazenda Uirapuru,2020,https://responsiblesoy.org/wp-content/uploads/2021/01/2020_Informe-Publico_Fazenda-Uirapuru.pdf,RTRS CUC AGR COC 0088,Control Union,4626.31,24/09/20,27/12/25,6404.89,1,Individual,1,1,1,1,1,1,-2,-2,1,0,1,1,1,1,2,-2,-2,1,1,1,1,1,-2,1,1,0,0,1,10,0.722309048242827,0
76,Cerquality Consultoria em Sustentabilidade e Certificação,Cerquality Consultoria em Sustentabilidade e Certificação LTDA. Grupo III,2021,https://responsiblesoy.org/wp-content/uploads/2021/01/2021_Informe-Publico_Cerquality-Consultoria-em-Sustentabilidade-e-Certificacao-LTDA-ME-Grupo-III.pdf,RTRS CUC AGR COC 0078,Control Union,150817.02,29/10/20,28/10/25,40701.95,10,Group,1,1,1,-2,1,1,0,0,-2,1,2,2,1,1,1,0,1,1,1,1,1,1,-2,1,1,1,1,-2,14,3.7054003555112223,0
77,GGF Agro,GGF - Agro LTDA,2020,https://responsiblesoy.org/wp-content/uploads/2021/01/2020_Informe-Publico_GGF-Agro-LTDA..pdf,RTRS CUC AGR COC 0071,Control Union,27251.5,18/12/19,17/12/24,6924.0,1,Individual,1,2,1,-2,1,2,0,1,2,-2,-2,1,1,-2,1,0,0,1,1,1,1,1,-2,1,1,1,0,-2,8,3.935803004043905,0
78,SLC Agrícola,SLC Agricola S.A. - EU RED,2020,https://responsiblesoy.org/wp-content/uploads/2021/01/2020_Informe-Publico_SLC-Agricola-S.A.-EU-RED.pdf,RTRS FCID AGR COC BFLS 0021,FoodChain Id Certificadora Ltda,212755.0,18/08/16,17/08/21,63298.08,7,Multi-Site,1,1,1,-2,2,2,-2,0,1,0,1,1,0,0,1,0,-2,1,0,1,1,-2,-2,-2,1,1,1,-2,2,3.3611604017057073,2
79,SLC Agrícola,SLC Agricola S.A.,2020,https://responsiblesoy.org/wp-content/uploads/2021/03/2020-SLC-Informe-4.pdf,RTRS CERTID AGR COC 0006,Cert Id Certificadora,212755.0,17/08/17,17/08/21,63298.08,5,Multi-Site,1,1,1,-2,2,2,-2,0,1,0,1,1,0,0,1,0,-2,1,0,1,1,-2,-2,-2,1,1,1,-2,2,3.3611604017057073,2
80,O Telhar Agropecuária ,O Telhar Agropecuária LTDA,2020,https://responsiblesoy.org/wp-content/uploads/2021/01/2020_Informe-Publico_O-Telhrar-Agropecuaria-Ltda.pdf,RTRS CUC AGR 0062,Control Union,54609.71,27/03/18,26/03/23,17856.0,2,Multi-Site,1,2,-2,-2,1,1,0,1,2,1,1,2,-1,-1,1,-2,1,1,2,1,2,-2,-2,1,1,1,1,-2,9,3.0583394937275985,0
81,Agropastoril Jatobasso,Fazenda Verde Agropastoril Jotabasso Ltda,2020,https://responsiblesoy.org/wp-content/uploads/2021/01/2020_Informe-Publico_-Fazenda-Verde-Agropastoril-Jatobasso-Ltda.pdf,RTRS CUC AGR COC 0087,Control Union,7500.0,23/12/20,22/12/25,18995.78,1,Individual,1,1,1,1,1,1,-2,-2,1,0,-2,1,1,1,2,-2,-1,1,1,1,1,1,-2,1,1,0,0,1,8,0.39482453471244666,0
82,Girassol Agrícola,Girassol Agrícola Ltda,2020,https://responsiblesoy.org/wp-content/uploads/2020/12/2020_Informe-Publico_Girassol-Agricola-Ltda.pdf,RTRS CUC AGR COC 0086,Control Union,4544.74,21/12/20,21/12/25,3604.0,1,Individual,1,1,1,1,1,1,-2,1,1,0,1,1,1,1,2,-2,0,1,1,1,1,1,-2,1,1,0,0,1,15,1.2610266370699224,0
83,Grupo Hervalense,Grupo Hervalense,2020,https://responsiblesoy.org/wp-content/uploads/2020/12/2020_Informe-Publico_Grupo-Hervalense.pdf,RTRS CUC AGR COC 0085,Control Union,3824.55,18/12/20,17/12/25,23709.33,3,Group,1,1,1,1,1,1,-2,-2,1,0,1,1,1,1,1,1,1,1,1,1,1,1,-2,1,1,0,1,1,16,0.16130991470446443,0
84,Fazenda Modelo,Fazenda Modelo (Eswalter Zanetti e Outros),2020,https://responsiblesoy.org/wp-content/uploads/2020/12/2020_Informe-Publico_Fazenda-Modelo.pdf,RTRS CUC AGR COC 0084,Control Union,3808.0,14/12/20,13/12/25,1972.37,1,Individual,1,1,1,1,1,1,-2,1,1,0,1,1,1,1,2,-2,-1,1,1,1,1,1,-2,1,1,0,0,1,14,1.930672236953513,0
85,Cresol Estrada de Ferro,CRESOL - Estrada de Ferro,2020,https://responsiblesoy.org/wp-content/uploads/2020/12/2020_Informe-Publico_CRESOL-Estrada-de-Ferro.pdf,RTRS CERTID AGR COC 0005,Cert Id Certificadora,30125.0,13/07/17,12/07/22,8469.58,15,Group,1,0,-2,-2,-2,-1,-2,-2,1,-2,0,2,1,-2,-2,1,-2,-2,1,-2,1,-1,-2,-2,-1,1,-2,-2,-25,3.5568469747024056,1
86,Fazenda Pau Furado,Fazenda Pau Furado,2020,https://responsiblesoy.org/wp-content/uploads/2020/12/2020_Informe-Publico_Fazenda-Pau-Furado.pdf,RTRS CUC AGR COC 0081,Control Union,4723.0,07/12/20,25/08/25,600.24,1,Individual,1,1,1,1,1,1,-2,1,1,0,1,1,1,1,2,-2,1,1,1,1,1,1,-2,1,1,0,0,1,16,7.868519258963081,0
87,Fazenda Aurora,Fazenda Aurora,2020,https://responsiblesoy.org/wp-content/uploads/2020/12/2020_Informe-Publico_Fazenda-Aurora.pdf,RTRS CUC AGR COC 0082,Control Union,4786.89,04/12/20,02/12/25,84.7,1,Individual,1,1,1,1,1,1,-2,1,1,0,1,1,1,1,2,-2,-2,1,1,1,1,1,-2,1,1,0,0,1,13,56.51582054309327,0
88,Bom Jesus Agropecuaria ,Bom Jesus Agropecuaria Ltda,2020,https://responsiblesoy.org/wp-content/uploads/2020/12/2020_Informe-Publico_Bom-Jesus-Agropecuaria-Ltda.pdf,RTRS CUC AGR COC 0070,Control Union,51001.63,21/08/19,20/08/24,14658.0,1,Individual,1,1,1,1,2,2,-2,-2,1,-2,2,1,1,1,1,-1,-2,1,1,1,1,1,-2,1,1,1,0,-2,9,3.4794398963023605,0
89,Aliança da Terra,Aliança da Terra Gestora - Grupo IV,2020,https://responsiblesoy.org/wp-content/uploads/2020/12/2020_Informe-Publico_Alianca-da-Terra.pdf,RTRS CERTID AGR COC 0007,Cert Id Certificadora,222389.0,31/08/17,05/04/21,59101.56,35,Group,1,2,1,-2,1,1,-2,-1,1,1,1,-2,-1,1,1,-1,1,1,1,1,1,1,-2,1,1,-2,1,-2,4,3.762827918586244,2
90,Associação Clube Amigos da Terra ,Associacao Clube Amigos da Terra -CAT Sorriso,2020,https://responsiblesoy.org/wp-content/uploads/2020/11/2020_Informe-Publico_Associacao-Clube-de-Amigos-da-Terra-CAT-Sorriso.pdf,RTRS FCID AGR COC 0016,FoodChain Id Certificadora Ltda,234733.0,07/11/19,15/12/21,64213.0,22,Group,1,2,1,-2,2,1,-2,-2,2,0,-2,1,1,-2,1,-2,-2,1,2,1,-1,-2,-2,0,-2,-2,0,-2,-10,3.655537040786134,2
91,Fazenda Agrícola Dourado,Fazenda Agrícola Dourado S.A,2020,https://responsiblesoy.org/wp-content/uploads/2021/07/2020_Informe-Publico_-Fazenda-Agricola-Dourado-S.A.-REAL.pdf,RTRS CUC AGR COC 0066,Control Union,42480.0,03/12/18,02/12/23,11800.0,1,Individual,1,1,1,-2,1,1,0,0,1,1,2,0,1,1,1,0,0,1,1,1,0,-1,-2,-2,1,0,0,-2,6,3.6,0
92,Cerquality Consultoria em Sustentabilidade e Certificação,Cerquality Consultoria em Sustentabilidade e Certificação LTDA. Grupo III,2020,https://responsiblesoy.org/wp-content/uploads/2020/11/2020_Informe-Publico_Cerquality-Consultoria-em-Sustentabilidade-e-Certificacao-LTDA-Grupo-III.pdf,RTRS CUC AGR COC 0078,Control Union,150817.02,28/10/20,27/10/25,40701.95,10,Group,1,1,1,-2,1,1,0,0,-2,1,2,2,1,1,1,0,1,1,1,1,1,1,-2,1,1,1,1,-2,14,3.7054003555112223,0
93,Agricola Xingu S.A,Agricola Xingu S.A,2020,https://responsiblesoy.org/wp-content/uploads/2020/10/2020_Informe-Publico_Agricola-Xingu-S.A..pdf,RTRSGCAGR 003,Gênesis Certificações,6770.0,15/10/20,15/10/25,63956.97,1,Individual,1,1,1,-2,2,1,2,0,1,0,1,1,1,1,1,1,1,1,1,1,1,-2,-2,1,1,1,1,1,18,0.10585241921247988,0
94,Grupo Reinhofer,Grupo Reinhofer,2020,https://responsiblesoy.org/wp-content/uploads/2020/09/2020-_-Informe-Publico_Grupo_Reinhofer.pdf,RTRS CUC AGR COC 0069,Control Union,25538.35,08/02/19,07/02/24,6080.56,5,Multi-Site,2,2,1,-2,1,1,-2,0,1,-2,0,1,1,1,1,1,1,1,1,1,1,1,-2,-2,1,0,1,1,10,4.199999671082926,0
95,Agrex do Brasil,Agrex do Brasil S.A.,2020,https://responsiblesoy.org/wp-content/uploads/2020/09/2020_Informe-Publico_Agrex-do-Brasil-S.A..pdf,RTRS BV AGR CoC 0008,Bureau Veritas,73772.0,28/07/20,27/07/23,26794.0,6,Multi-Site,1,-2,1,-2,1,2,-2,-2,-2,-2,-2,1,1,-2,1,-2,-2,1,0,1,1,1,-2,-2,-2,0,1,-2,-16,2.753302978278719,1
96,Saag Comercial Exportadora ,SAAG Comercial Exportadora Ltda. non-GMO,2020,https://responsiblesoy.org/wp-content/uploads/2020/08/2020_Informe-Publico_SAAG-Comercial-Exportadora-Ltda..pdf,RTRS CUC AGR COC 0020,Control Union,35088.87,11/06/18,10/06/23,11696.29,9,Group,1,2,1,-2,1,1,0,-1,1,1,1,-2,1,1,1,0,1,1,0,1,-2,1,-2,-2,0,1,2,-2,5,3.0,2
97,Amaggi,Amaggi Commodities EU RED,2020,https://responsiblesoy.org/wp-content/uploads/2021/03/2020_Informe-Publico_Amaggi-Commodities-EU-RED-2-5.pdf,RTRS CERTID AGR COC BFLS 0009,Cert Id Certificadora,104787.9,28/11/17,27/11/22,31232.0,26,Group,1,1,1,-2,2,2,-2,-2,2,-2,1,2,1,0,0,-2,-2,1,1,1,-1,0,-2,-2,-2,1,1,2,0,3.355145363729508,2
98,Fundação de Apoio à Pesquisa do Corredor de Exportação Norte Irineu Alcides Bays,FAPCEN III,2020,https://responsiblesoy.org/wp-content/uploads/2020/07/2020_Informe-Publico_FAPCEN-Grupo-III.2.pdf,RTRS CUC AGR COC 0072,Control Union,125279.21,20/01/20,19/01/25,35698.05,6,Group,1,1,1,-2,1,1,0,0,1,1,1,1,1,1,1,-2,1,1,1,1,1,1,-2,1,1,1,1,-2,13,3.509413259267663,0
99,Fundação de Apoio à Pesquisa do Corredor de Exportação Norte Irineu Alcides Bays,FAPCEN,2020,https://responsiblesoy.org/wp-content/uploads/2020/07/2020_Informe-Publico_FAPCEN-Grupo-I.pdf,RTRS CUC AGR 0047,Control Union,155914.0,14/06/16,13/06/21,61143.57,4,Group,1,2,1,-2,1,1,-2,-1,-2,1,-2,-2,-1,-2,1,-2,1,1,0,1,1,1,-2,0,1,-2,1,-2,-8,2.549965597363713,2
100,Bartira Agropecuária,Fazendas Bartira,2020,https://responsiblesoy.org/wp-content/uploads/2020/07/2020_Informe-Publico_Fazenda-Bartira.pdf,RTRS CUC AGR COC 0064,Control Union,123763.0,19/07/18,19/07/23,37985.0,7,Multi-Site,-2,1,1,-2,1,1,2,1,1,1,1,1,1,1,1,0,1,1,1,1,1,1,0,-2,1,1,0,1,19,3.258207187047519,0
101,Cerquality Consultoria em Sustentabilidade e Certificação,Cerquality Consultoria em Sustentabilidade e Certificacao LTDA - Grupo I,2020,https://responsiblesoy.org/wp-content/uploads/2020/06/2020_Informe-Publico_-Cerquality-Consultoria-em-Sustentabilidade-e-Certificacao-LTDA-Grupo-I.pdf,RTRS CUC AGR COC 0048,Control Union,238537.0,23/12/19,22/12/24,66019.5,15,Group,1,2,1,-2,1,1,-2,-1,1,1,1,-2,-1,1,1,-1,1,1,1,1,1,1,-2,1,-2,-2,1,-2,1,3.6131294541764176,2
102,Louis Dreyfus Company ,Louis Dreyfus Company – LDC Sorriso,2019,https://responsiblesoy.org/wp-content/uploads/2020/04/2019_Informe-Publico_Louis-Dreyfus-Company-–-LDC-Sorriso.pdf,RTRS FCID AGR COC 0017,FoodChain Id Certificadora Ltda,238537.0,23/12/19,22/12/24,66019.5,15,Group,1,2,-2,-2,-2,0,2,-2,2,-2,-2,-2,-2,-2,1,1,-2,-1,1,2,-2,-2,-2,-2,-2,-2,0,-2,-24,3.6131294541764176,1
103,Agrex do Brasil,Agrex do Brasil S.A.,2018,https://responsiblesoy.org/wp-content/uploads/2020/04/2018_Informe-Publico_Agrex-do-Brasil.pdf,RTRS SCHU AGR 0008,Schutter Argentina,83520.0,27/07/18,27/07/23,25750.0,6,Multi-Site,1,-2,1,-2,1,1,-2,-2,2,-2,-2,0,1,-2,1,-2,1,1,1,1,1,-2,-2,-2,-2,0,1,-2,-13,3.243495145631068,1
104,GGF Agro,GGF - Guerino Ferrarin e Outros,2020,https://responsiblesoy.org/wp-content/uploads/2020/03/2019_Informe-Publico_GGF-Guerio-Ferrarin-e-Outros-4.pdf,RTRS CUC AGR 0071 18 12 2019,Control Union,54609.71,27/03/18,26/03/23,17856.0,2,Multi-Site,1,2,-2,-2,1,1,0,1,2,1,1,2,-1,-1,1,-2,1,1,2,1,2,-2,-2,1,1,1,1,-2,9,3.0583394937275985,0
105,O Telhar Agropecuária ,O Telhar Agropecuária LTDA,2019,https://responsiblesoy.org/wp-content/uploads/2020/03/2019_Informe-Publico_O-Telhar-Agropecuaria-LTDA.pdf,RTRS CUC AGR 0062 27 03 2018,Control Union,54609.71,27/03/18,26/03/23,17856.0,2,Multi-Site,1,2,-2,-2,1,1,0,1,2,1,1,2,-1,-1,1,-2,1,1,2,1,2,-2,-2,1,1,1,1,-2,9,3.0583394937275985,0
106,SLC Agrícola,SLC Agricola SA,2019,https://responsiblesoy.org/wp-content/uploads/2021/03/2019-SLC-Informe-1.pdf,RTRS CERTID AGR COC 0006,Cert Id Certificadora,212755.0,17/08/17,17/08/21,3298.08,7,Multi-Site,1,1,1,-2,2,2,-2,0,1,0,1,1,0,0,1,0,-2,1,0,1,1,-2,-2,-2,1,1,1,-2,2,64.5087444816378,2
107,Saag Comercial Exportadora ,Saag Comercial Exportadora Ltda,2019,https://responsiblesoy.org/wp-content/uploads/2020/03/2019_Informe-Publico_Saag-Comercial-Exportadora-Ltda.pdf,RTRS CUC AGR COC 0020,Control Union,35088.87,11/06/18,10/06/23,11696.29,9,Group,1,2,1,-2,1,1,0,-1,1,1,1,-2,1,1,1,0,1,1,0,1,-2,1,-2,-2,0,1,2,-2,5,3.0,2
108,GGF Agro,GGF-Guerio Ferrarin e Outros,2019,https://responsiblesoy.org/wp-content/uploads/2020/03/2019_Informe-Publico_GGF-Guerio-Ferrarin-e-Outros-1.pdf,RTRS CUC AGR 0071 18 12 2019,Control Union,27251.5,18/12/19,17/12/24,6924.0,1,Individual,1,2,1,-2,1,1,0,1,1,-2,1,1,1,1,1,1,1,1,1,1,2,1,-2,1,1,1,0,-2,15,3.935803004043905,0
109,Bartira Agropecuária,Fazendas Bartira,2019,https://responsiblesoy.org/wp-content/uploads/2020/03/2019_Informe-Publico_Fazendas-Bartira.pdf,RTRS CUC AGR COC0064,Control Union,123763.0,19/07/18,18/07/23,37985.0,7,Multi-Site,-2,1,1,-2,1,1,2,1,1,1,1,1,1,1,1,0,1,1,1,1,1,1,0,-2,1,1,0,1,19,3.258207187047519,0
110,Fazenda Nossa Senhora Aparecida,Fazenda Nossa Senhora Aparecida,2019,https://responsiblesoy.org/wp-content/uploads/2020/03/2019_Informe-Publico_Fazenda-Nossa-Senhora-Aparecida.pdf,RTRS CUC AGR 0060 13 03 2018,Control Union,7469.0,13/03/18,12/03/23,1556.0,1,Individual,-2,2,1,-2,1,1,0,1,1,-2,1,1,1,1,-2,1,-2,1,2,1,2,0,-2,1,1,1,0,-2,9,4.8001285347043705,0
111,Fundação de Apoio à Pesquisa do Corredor de Exportação Norte Irineu Alcides Bays,FAPCEN,2019,https://responsiblesoy.org/wp-content/uploads/2020/03/2019_Informe-Publico_FAPCEN-1.pdf,RTRS CUC AGR 0047,Control Union,155914.0,14/06/16,13/06/21,61143.57,4,Group,1,2,1,-2,1,1,-2,-1,-2,1,-2,-2,-1,-2,1,-2,1,1,0,1,1,1,-2,0,1,-2,1,-2,-8,2.549965597363713,2
112,Cresol Estrada de Ferro,CRESOL -  Estrada de Ferro,2019,https://responsiblesoy.org/wp-content/uploads/2020/03/2019_Informe-Publico_CRESOL.pdf,RTRS CERTID AGR 0005,Cert Id Certificadora,30125.0,13/07/17,12/07/22,8469.58,15,Group,1,0,-2,-2,-2,-1,-2,-2,1,-2,0,2,1,-2,-2,1,-2,-2,1,-2,1,-1,-2,-2,-1,1,-2,-2,-25,3.5568469747024056,1
113,Cerquality Consultoria em Sustentabilidade e Certificação,CerQuality Consultoria em Sustentabilidade e Certificação Ltda Grupo III,2019,https://responsiblesoy.org/wp-content/uploads/2020/03/2019_Informe-Publico_Cerquality.pdf,RTRS CUC AGR 0048 11 07 2016,Control Union,303306.5,11/07/16,10/07/21,97234.76,15,Group,1,2,1,-2,1,1,-2,-1,1,1,1,-2,-1,1,1,-1,1,1,1,1,1,1,-2,1,-2,-2,1,-2,1,3.1193217322694067,2
114,Cataratas do Iguaçu Produtos Orgânicos,Cataratas do Iguacu Produtos Organicos Ltda - Gebana Brasil,2019,https://responsiblesoy.org/wp-content/uploads/2020/03/2019_Informe-Publico_Cataratas-do-Iguacu-Produtos-Organicos-Ltda-Gebana-Brasil-1.pdf,RTRS CUC AGR COC NGMONPQ 0073,Control Union,791.25,27/01/20,26/01/25,233.3,15,Group,1,1,0,-2,1,-2,-2,-2,-2,-2,1,1,1,-2,1,-2,1,1,-1,1,1,-2,-2,-2,-2,1,-1,-2,-17,3.3915559365623658,1
115,Bom Jesus Agropecuaria ,Bom Jesus Agropecuaria LTDA Fazenda Mirandopolis,2019,https://responsiblesoy.org/wp-content/uploads/2020/03/2019_Informe-Publico_Bom-Jesus-Agropecuaria-LTDA-Fazenda-Mirandopolis.pdf,RTRS CUC AGR COC 0070,Control Union,34039.0,21/08/19,20/08/24,10720.0,1,Individual,1,2,1,-2,1,1,-2,1,1,-2,2,1,1,1,1,1,1,1,1,1,2,1,-2,1,1,1,0,-2,14,3.1752798507462687,0
116,Associação Clube Amigos da Terra ,Associação Amigos da Terra II 2019,2019,https://responsiblesoy.org/wp-content/uploads/2020/03/2019_Informe-Publico_Associação-Amigos-da-Terra-II.pdf,RTRS FCID AGR COC 0016,FoodChain Id Certificadora Ltda,234733.0,07/11/19,15/12/21,64213.0,22,Group,1,2,1,-2,2,1,-2,-2,2,0,-2,1,1,-2,1,-2,1,-2,2,1,-1,-2,-2,0,-2,-2,0,-2,-10,3.655537040786134,2
117,Amaggi,Amaggi EU RED 2,2019,https://responsiblesoy.org/wp-content/uploads/2020/03/2019_Informe-Publico_Amaggi-EU-RED-2.pdf,RTRS CUC AGR 0001,Control Union,383663.11,03/06/16,02/06/21,116033.0,2,Multi-Site,1,2,1,-2,1,1,-2,-1,1,1,2,1,1,1,1,-2,1,1,1,1,1,1,-2,1,-2,0,1,-1,9,3.3064999612179293,0
118,Amaggi,Amaggi Commodities,2019,https://responsiblesoy.org/wp-content/uploads/2020/03/2019_Informe-Publico_Amaggi-Commodities.pdf,RTRS CERTID AGR COC 0010,Cert Id Certificadora,405980.1,28/11/17,27/11/22,122765.2,13,Group,1,1,-2,-2,2,0,-2,-2,2,0,-2,-1,-2,-2,1,-2,2,0,1,1,-1,-2,-2,0,-2,-2,0,-2,-18,3.306964025635929,1
119,Amaggi,Amaggi Commodities EU RED,2019,https://responsiblesoy.org/wp-content/uploads/2020/03/2019_Informe-Publico_Amaggi-Commodities-EU-RED.pdf,RTRS CERTID AGR COC BFLS 0009,Cert Id Certificadora,104787.9,28/11/17,27/11/22,31232.0,28,Group,1,1,1,-2,2,2,-2,-2,2,-2,1,2,1,0,0,-2,-2,1,1,1,-1,0,-2,-2,-2,1,1,2,0,3.355145363729508,2
120,Aliança da Terra,Alianca da Terra Grupo IV,2019,https://responsiblesoy.org/wp-content/uploads/2020/03/2019_Informe-Publico_Alianca-da-Terra-Grupo-IV.pdf,RTRS CERTID AGR COC 0007,Cert Id Certificadora,222389.0,06/04/16,22/02/17,59101.56,33,Group,1,2,1,-2,1,1,-2,-1,1,1,1,-2,-1,1,1,-1,1,1,1,1,1,1,-2,1,1,-2,1,-2,4,3.762827918586244,2
121,SLC Agrícola,Terra Santa Agro 2018,2018,https://responsiblesoy.org/wp-content/uploads/2020/03/2018_Informe-Publico_Terra-Santa-Agro.pdf,RTRS CUC AGR 0013 31 01 2018,Control Union,202254.0,31/01/18,30/01/23,54881.0,3,Multi-Site,1,1,1,-2,1,1,0,-1,2,1,2,2,1,2,1,-1,1,1,1,1,1,0,-2,-2,0,1,0,0,13,3.68531914505931,0
122,Grupo Reinhofer,Grupo Reinhofer,2018,https://responsiblesoy.org/wp-content/uploads/2020/03/2018_Informe-Publico_Grupo-Reinhofer-1.pdf,RTRS CUC AGR 0069 08 02 2019,Control Union,25538.35,08/02/19,07/02/24,6080.56,5,Multi-Site,1,2,1,-2,1,1,-2,0,1,-2,0,1,1,1,1,1,1,1,1,1,1,1,-2,-2,1,0,1,1,10,4.199999671082926,0
123,Fazenda Agrícola Dourado,Fazenda Agricola Dourado S.A 2018,2018,https://responsiblesoy.org/wp-content/uploads/2020/03/2018_Informe-Publico_Fazenda-Agricola-Dourado-SA.pdf,RTRS CUC AGR 0066 03 12 2018,Control Union,42480.0,03/12/18,02/12/23,11800.0,1,Individual,1,1,1,-2,1,1,0,0,1,1,2,0,1,1,1,0,0,1,1,1,0,-1,-2,-2,1,0,0,-2,6,3.6,0
124,Cerquality Consultoria em Sustentabilidade e Certificação,CerQualiti Grupo III 2018,2018,https://responsiblesoy.org/wp-content/uploads/2020/03/2018_Informe-Publico_Cerquality-Grupo-II.pdf,RTRS CUC AGR 0067 17 12 2018,Control Union,417461.01,17/12/18,24/10/22,108763.0,23,Group,1,1,1,-2,1,1,0,-1,1,1,2,2,1,2,1,0,1,1,1,1,1,0,-2,1,0,0,0,0,15,3.83826310418065,0
125,Associação Clube Amigos da Terra ,Associação Amigos da Terra - Grupo III,2018,https://responsiblesoy.org/wp-content/uploads/2020/03/2018_Informe-Publico_Associação-Amigos-da-Terra-Grupo-III.pdf,RTRS CUC AGR 0059,Control Union,58578.93,22/02/18,21/02/23,16025.3,6,Group,1,2,-1,-2,1,1,1,-1,1,1,-1,-2,-2,1,0,-2,1,1,1,1,1,0,0,1,1,0,1,-2,3,3.655403018976244,2
126,Amaggi,Amaggi Commodities,2018,https://responsiblesoy.org/wp-content/uploads/2020/03/2018_Informe-Publico_Amaggi-Commodities.pdf,RTRS CERTID AGR COC 0010,Cert Id Certificadora,405980.1,28/11/17,27/11/22,122765.2,32,Group,1,1,-2,-2,2,0,-2,-2,2,0,-2,-1,-2,-2,1,-2,2,0,1,1,-1,-2,-2,0,-2,-2,0,-2,-18,3.306964025635929,1
127,Amaggi,Amaggi Commodities EU RED,2018,https://responsiblesoy.org/wp-content/uploads/2020/03/2018_Informe-Publico_Amaggi-Commodities-EU-RED.pdf,RTRS CERTID AGR COC BFLS 0009,Cert Id Certificadora,104787.9,28/11/17,27/11/22,31232.0,6,Group,1,1,1,-2,2,2,-2,-1,2,-2,1,2,1,0,0,-2,-2,1,1,1,-1,0,-2,-2,-2,1,1,2,1,3.355145363729508,2
128,Fundação de Apoio à Pesquisa do Corredor de Exportação Norte Irineu Alcides Bays,FAPCEN Grupo III,2020,https://responsiblesoy.org/wp-content/uploads/2020/03/2020_Informe-Publico_FAPCEN-Grupo-III-2.pdf,RTRS CERTID AGR COC BFLS 0009,Cert Id Certificadora,125279.21,20/01/20,19/01/25,35698.05,6,Group,1,1,1,-2,1,1,0,0,1,1,1,1,1,1,1,-2,1,1,1,1,1,1,-2,1,1,1,1,-2,13,3.509413259267663,0
